,angle
0,64.18500604057508
1,62.64695453519904
2,66.44157703395231
3,61.12198387819013
4,62.53437836040363
5,61.90710976776245
6,62.01236896082222
7,60.50342887182211
8,63.59720393240597
9,62.35563300647173
10,60.53013042604892
11,61.35269988196616
12,62.025085701529264
13,63.16949500715954
14,64.65009442804525
15,61.056324621541854
16,63.404496431633895
17,63.704037700640065
18,62.06457864088064
19,62.19595296509881
20,62.023203365405244
21,64.0296824895521
22,62.18946734885741
23,64.44912729765763
24,63.51302047684217
25,63.41226234431971
26,65.51108884274312
27,68.40476366094295
28,64.74852328671032
29,61.708385688151594
30,65.08894575073457
31,62.24801611707146
32,60.63683851302645
33,63.35910356872656
34,64.32964943839083
35,61.402370218605824
36,61.998441606304155
37,65.75287436661068
38,62.373494929965105
39,61.23389187277888
40,62.48979306647801
41,63.400771330183
42,65.86696985007754
43,63.68199803388054
44,64.0919423327738
45,64.69002688495644
46,63.950386135498235
47,65.89422010222906
48,63.74493300505752
49,63.608802940315044
50,64.53984329748381
51,63.38129089147919
52,65.37506347305718
53,61.47243085251192
54,66.36748265397965
55,67.18754266447479
56,67.88147252980747
57,64.26376899794835
58,65.74187214277056
59,61.30893747944159
60,62.15390969413774
61,62.69964376059687
62,63.92806101570143
63,59.844395086866626
64,56.46316890158817
65,62.027627339566564
66,63.371051183519675
67,61.75412623959704
68,62.09241578640014
69,67.6397565193727
70,60.51158809682521
71,66.37436304017417
72,63.22584740276854
73,66.8751098059909
74,64.72461311360429
75,62.882138654279395
76,62.563405766484905
77,65.63949090276986
78,63.4694766710653
79,63.29780733110454
80,62.36111099360721
81,62.68714207326521
82,65.80506870746741
83,66.85667712429142
84,66.26698403008449
85,63.47344237027992
86,64.7414530302017
87,67.72639859974669
88,62.782277229524176
89,65.90662413181592
90,63.86570880768738
91,62.754472368843764
92,64.2836623982069
93,61.821767315622665
94,61.732359456052436
95,64.92028523958648
96,56.12676108733074
97,62.464250383523186
98,60.149828153900906
99,62.12872466841693
100,59.91503373883649
101,58.416375383453286
102,56.72349636987705
103,61.05166160244488
104,62.985457320008486
105,61.41523069401733
106,60.98155460143731
107,63.77161043379238
108,64.83688154512785
109,66.9731363831604
110,64.61742928848045
111,63.32092036444317
112,65.21450626377806
113,64.84199488010573
114,64.9619468935351
115,62.54889361335526
116,66.9944227057408
117,63.31389308035689
118,63.27689170233059
119,66.14417956631318
120,61.51478295363422
121,66.21454300800899
122,60.92639569930764
123,65.48072512117403
124,67.10311889960143
125,64.458331673721
126,63.263781525857
127,64.43175347887606
128,63.11515981979946
129,67.99917842974125
130,63.824332287802754
131,68.32798611730293
132,61.076179368492255
133,65.6460557210496
134,63.44710223456579
135,64.59960218762734
136,65.59530380906122
137,64.83889495523054
138,65.08636099537286
139,66.53733908490739
140,63.8348310658886
141,64.4014897485047
142,63.38800906751613
143,64.36056267937093
144,62.96734123746764
145,61.97657414602983
146,62.87409816779982
147,62.94967815919591
148,65.34665563124285
149,66.25474346718632
150,63.18164331960869
151,67.66186827493625
152,67.14910602129596
153,65.01726425262788
154,63.667328994139936
155,62.083849483233614
156,63.54246869902194
157,63.19885613943471
158,62.19103026846186
159,62.430991616448566
160,67.40493135670464
161,65.94317438738096
162,65.77436348489749
163,64.9663442986614
164,64.61295799852758
165,63.298688147506475
166,64.2961315120594
167,65.18832541488409
168,66.13685567063958
169,63.80175020876433
170,65.95435045248831
171,63.43746177267855
172,64.07626045704802
173,62.53222350298304
174,61.26189316391545
175,65.00162441923314
176,62.2009512271765
177,65.11727830264165
178,66.83125467155068
179,65.43164955182999
180,64.43809913328356
181,66.10644358297655
182,62.12808382993362
183,66.20609518344102
184,63.489377589832685
185,63.40028293414947
186,62.0360261401825
187,63.17519341904962
188,63.34389107671711
189,62.898162994840824
190,64.54359794091395
191,66.7015448076117
192,65.76766169068841
193,65.43825894039406
194,66.44392791221493
195,66.3187456854424
196,65.30289314959268
197,61.46196931719644
198,64.24115059167822
199,64.0701668617732
200,64.4354740709374
201,65.75746428749679
202,64.18685838576026
203,64.61448447190934
204,61.119083197592246
205,65.47714927695347
206,62.75554711675718
207,67.41445884588572
208,64.84440340842102
209,63.523289235510525
210,64.7158526866847
211,62.31759460926802
212,63.89678269720228
213,62.22672035834977
214,65.01318472637927
215,61.24328971238595
216,61.4411539083163
217,64.06449043684917
218,65.72772762592129
219,62.579017455196194
220,62.29925697985643
221,62.303424905990646
222,62.8525233519179
223,65.18647471213512
224,62.45133131050712
225,65.56416791570267
226,66.33968773854606
227,63.24096651884994
228,64.04221480755155
229,64.71010528713371
230,62.78714373223977
231,66.33005826856099
232,66.54768586006996
233,61.08309996488719
234,61.28823947329493
235,60.56859460454021
236,66.83271929029621
237,62.65559622500504
238,61.66060838195017
239,63.72525705300827
240,63.416931560497524
241,62.49522642894017
242,61.56184693198271
243,64.67980176535117
244,63.905634850082514
245,61.92445894261511
246,65.39889983085885
247,64.32964208101792
248,61.13850618379528
249,63.510697152700935
250,59.548691869831
251,65.63598912379446
252,63.943461391925666
253,61.427765957885526
254,62.3494112474271
255,63.98499123417665
256,64.22077463639799
257,62.991096179227945
258,64.02670305280743
259,61.565714901857426
260,62.209308392827175
261,61.62300536981141
262,62.26212223350742
263,58.14724180368164
264,62.00270050866959
265,63.08057485957393
266,61.9698711831664
267,61.844847925955
268,62.945336138018774
269,59.270014670958226
270,62.56088872791111
271,63.04206665726938
272,63.19907841301936
273,62.52976286571535
274,62.935099534106904
275,63.818462884577016
276,62.732282577661394
277,62.77709148823395
278,64.28579025766157
279,62.66926364692937
280,60.04254675466826
281,61.69197148851764
282,63.10886397128142
283,62.92388714498937
284,62.13234905327096
285,63.70242211591696
286,63.48306693232003
287,62.473694375305975
288,60.72619332553797
289,63.173215646512155
290,61.20359072409306
291,62.876609969887205
292,62.552777346784595
293,61.88618471961646
294,61.224631621543864
295,62.5865954017185
296,64.44661954729474
297,62.754487956811964
298,64.02046778357985
299,62.16301900334276
300,65.85168134533635
301,64.09519528501848
302,64.68907704217594
303,64.09793341224503
304,64.1300522224745
305,63.77130587044556
306,66.4953811681663
307,67.39208526180423
308,63.707940296731934
309,63.41428033542064
310,65.50135743928388
311,63.74372736170288
312,64.1957323535245
313,64.42065349191272
314,64.11501779379135
315,64.97400838240769
316,60.98867893909329
317,62.668356256744424
318,64.10800242249928
319,63.44997239283819
320,68.87473990514854
321,68.20552976707225
322,64.50795011398317
323,67.27403794603919
324,62.667218053948694
325,65.50670789808547
326,66.07827708368765
327,60.71582060855818
328,66.85538356355178
329,61.976967183667874
330,59.77992488377748
331,65.32021111811099
332,64.27176290321228
333,61.613442161862004
334,64.29391672261104
335,64.64508127670317
336,63.3136702892321
337,64.24683149358569
338,62.60520924315063
339,64.97450517360642
340,63.14303877107981
341,62.781222849328095
342,63.45015702932607
343,64.30050841572272
344,61.16770664195781
345,63.252393038245394
346,68.0669091428069
347,64.65532117402184
348,61.53846365988639
349,64.47116662766923
350,64.62080541372752
351,62.95948819348261
352,62.5674447592467
353,63.255705789222354
354,62.03745535282573
355,59.33502626848767
356,60.802310745889116
357,62.600867563084165
358,60.810815506997
359,63.80812030906092
360,62.381753261731774
361,62.6432965955253
362,64.47641554777698
363,63.57830668634549
364,64.12688299157915
365,62.72145405874287
366,67.02727583806573
367,65.16376746416798
368,65.23563431552188
369,63.12778751361793
370,63.1126071043308
371,63.18175448734969
372,66.97183285572282
373,62.64981741597769
374,63.46711380593771
375,65.79318069868144
376,66.74104850335077
377,63.26393594334382
378,65.09520754490204
379,67.11084324451451
380,64.42844259899296
381,66.52305328320828
382,67.16870042170197
383,64.77012944946442
384,65.42002325901983
385,62.56030072654822
386,62.43935642737109
387,69.29509217283774
388,62.511033711983494
389,67.19197941831564
390,65.67341628452458
391,63.30332878093914
392,64.32785872762453
393,65.15430801366797
394,63.331285914615194
395,66.00772342056202
396,67.0341635041004
397,66.11576985033571
398,66.52046165319138
399,65.18539591479825
400,64.39963307467856
401,65.1031218473563
402,68.20479904791905
403,65.73025982149171
404,68.0998983230633
405,65.42223525518979
406,62.90078515907284
407,65.86844164505708
408,65.03344564785887
409,64.56907222211005
410,65.01909425782253
411,65.23151698709916
412,64.65583034863648
413,62.15852842167125
414,64.04100460687293
415,64.34519271932967
416,65.70921777743949
417,64.07135029396728
418,67.03351705429469
419,62.81048587400792
420,63.52111069396903
421,62.94042561561841
422,62.828883317774114
423,63.07430176362014
424,62.83509603720358
425,61.96561579943823
426,64.3481857711633
427,63.21771602501934
428,63.490845294220264
429,63.85608054348292
430,63.61484813187881
431,63.177120010854075
432,64.24018744856416
433,64.4651174319659
434,65.06257738625857
435,65.85520188711732
436,62.81524196035117
437,63.00010979151402
438,63.95581489705731
439,63.64740127341386
440,66.89023068156492
441,62.47068104777299
442,67.61785010401724
443,65.34961352117372
444,64.09736221902835
445,60.89430067906148
446,64.51039913116382
447,62.857061026796764
448,68.92367098750213
449,65.68406126473234
450,63.49912705275037
451,63.78210190983967
452,63.20570066970101
453,62.53704059497834
454,61.991667999277475
455,62.97954871497829
456,64.50135613186454
457,60.87236765779556
458,61.83348668187869
459,64.34183531770036
460,64.13328354951163
461,64.14620184436708
462,64.91436046294417
463,65.53303276711773
464,63.801520087821984
465,62.597373899727174
466,67.44577418883013
467,64.61317381382345
468,64.16880300378392
469,63.5753918007099
470,68.19506023118593
471,63.955093514798136
472,64.00066370151941
473,61.18861438692044
474,65.07790976391645
475,63.86033114021667
476,67.37929616068722
477,65.16376699025973
478,63.58189520696534
479,62.58996231947483
480,65.0049162797461
481,64.65480985240907
482,62.61034646090657
483,65.33733274277019
484,64.83059735183794
485,63.75899147247192
486,62.830758809338924
487,64.64818357315735
488,60.42554898494622
489,63.5287115742322
490,61.18266097585962
491,63.8904083377153
492,63.38237772656638
493,63.288026650258246
494,61.62422889929025
495,61.41238940795943
496,65.49107621021979
497,62.378233982468586
498,65.03613789372865
499,62.58827137242728
500,61.95563846490406
501,64.41635339168529
502,61.59956338978812
503,59.68070555602128
504,62.975482495051835
505,63.17574264704925
506,65.02188896490694
507,63.59035117555796
508,64.79698591596808
509,61.897768827427086
510,64.78548539485284
511,63.84144376883369
512,63.34823838012444
513,62.773698096116945
514,60.903356048105444
515,59.843042623722106
516,63.40414601801763
517,60.999621984796406
518,65.63226278182167
519,63.791327599038
520,63.62747234789776
521,63.31850004859914
522,61.94059009281877
523,62.256825548696746
524,62.73738198143729
525,62.0004925967147
526,63.89531161742375
527,63.7360782497181
528,63.277445690658084
529,65.29831759337104
530,63.13526396854481
531,67.69439777280253
532,63.68287130798635
533,61.50963092492627
534,62.9185783808219
535,61.27703609210818
536,64.303569476352
537,62.16071878608477
538,59.429038937092805
539,61.92277887287807
540,64.62179609660231
541,61.91001949555756
542,64.99911810884097
543,65.37944253058333
544,63.16397122639432
545,64.13385730388066
546,60.29925061048247
547,58.557803255639655
548,59.279791147279724
549,58.93468645831264
550,57.678575439381994
551,53.126934123412546
552,55.955615487909014
553,53.27844751236962
554,53.545774910937034
555,59.84066524177207
556,63.790376426690976
557,54.42984135847522
558,57.511748931323375
559,54.87649502538855
560,53.250437666505064
561,56.169030207713575
562,57.171985287875714
563,55.260153494579114
564,52.472335381166765
565,55.23027320123867
566,55.77059126120331
567,56.376060312477925
568,61.95725873514724
569,58.6591508167626
570,58.23190478910174
571,56.31717852764091
572,58.06979720368168
573,57.21718523345165
574,66.62770779023467
575,60.389081045527824
576,57.63764835126587
577,60.78547130862444
578,58.69343020519446
579,64.21195200448368
580,62.4317512160887
581,60.85633345477493
582,59.90399759102411
583,58.29170538386033
584,56.947896432273474
585,63.336745164944304
586,58.01207349058303
587,60.78237976553372
588,60.38756971522937
589,60.6408041115616
590,62.495178134566764
591,61.575062155068345
592,60.98191519316295
593,59.415632440184446
594,57.53046862603911
595,60.19589297191213
596,59.32425858984531
597,59.70290844402126
598,58.37082887551023
599,61.530349029918774
600,60.53062482263965
601,55.6839776356226
602,55.44169095493746
603,57.814646101511784
604,60.209315033284824
605,57.28386921385897
606,58.550223370385886
607,59.29639491118004
608,62.440601454210885
609,59.90696097018491
610,59.93434569519887
611,56.175549877720314
612,59.46099125266595
613,58.96736076263098
614,59.12775247191257
615,60.42764625531568
616,60.37884348545349
617,58.516968633256596
618,57.53594914364292
619,58.98548450076594
620,62.45595115513818
621,57.09503691135939
622,59.57761568963118
623,58.243596040494204
624,58.899362147313965
625,60.08077420785399
626,60.36029199455448
627,59.740542844271616
628,60.05781254516175
629,56.386650553451304
630,58.572370688629164
631,62.01824262993207
632,63.33342278572422
633,56.884247607097755
634,60.63905627946004
635,59.264534144166376
636,59.60335033706679
637,58.19782946964364
638,59.832000630552834
639,57.699760365678024
640,63.810967051013506
641,63.15994349361991
642,65.1035728302751
643,63.578790803120384
644,64.41173809029813
645,62.54862884166638
646,60.659111859381525
647,61.6117654410824
648,62.92246238168488
649,62.65338376554022
650,66.1105801054762
651,63.378273364433774
652,63.94801413769483
653,63.66048610785503
654,60.44583055258647
655,63.270200611060424
656,58.27644819974008
657,59.08795380269695
658,60.108312731746395
659,61.20426521784473
660,61.933180791820895
661,61.83582611666752
662,59.9907321179432
663,60.6630197845078
664,57.92999877136732
665,55.729909487171305
666,58.59699290374436
667,55.651943574215665
668,54.00611257490038
669,57.82851974727782
670,53.91293118113925
671,58.29590386511072
672,57.64655255788268
673,57.134732625829656
674,58.425476284687555
675,58.00730130110464
676,60.47424134111168
677,63.58149736568751
678,59.6702958490473
679,61.379143926831446
680,61.13007515314163
681,55.65774848403802
682,57.716327053401685
683,55.04502129343115
684,56.70869010906059
685,53.52596548800283
686,56.29210606737732
687,53.588597108273014
688,54.360170997714945
689,54.491525468532274
690,52.49756849252393
691,53.75326523180701
692,57.91148876151045
693,49.85976371232907
694,49.741762930972136
695,57.54205040810081
696,53.34151331813627
697,53.8931510352325
698,54.903651121562035
699,54.381720785175666
700,53.2695668144511
701,55.444767574589825
702,54.92522727735151
703,56.121511449938225
704,56.24626660736014
705,53.74976770275578
706,58.330883350174744
707,52.1326148871455
708,58.93893952419642
709,51.01143989462141
710,51.203178660431234
711,55.887774575489736
712,58.96558319505514
713,56.11438298952012
714,54.548639111143245
715,52.63323808496305
716,52.892163404149386
717,53.91032227455794
718,55.41237592506333
719,55.98731873064854
720,56.53397770881987
721,51.8797378010344
722,57.21777727561333
723,56.36769794602755
724,55.655498141801885
725,56.61284488375173
726,54.65203542979895
727,55.689461026333404
728,53.1333781465559
729,55.89184160208813
730,55.51520990606185
731,56.59741417362907
732,56.12593156852755
733,61.33753055975012
734,58.58024032303681
735,61.92354212426298
736,61.81011736736142
737,62.41168226099091
738,63.832063528358105
739,63.178597283480876
740,58.49202535889715
741,60.02269271902379
742,56.57264283531081
743,58.072713614494006
744,58.97102301209248
745,58.907393766218284
746,60.80957475734409
747,59.356145488938935
748,57.6011595666335
749,57.38498695912212
750,57.95829569367997
751,58.516751097355254
752,61.52782157677238
753,61.4550708412165
754,63.3225836394831
755,60.000919449595614
756,56.62706110112519
757,60.24181758062334
758,57.28363268672271
759,55.586044282161865
760,55.061840535437916
761,55.73716280803877
762,54.484617523964445
763,56.45960054057723
764,56.00204038361704
765,56.89460297835795
766,58.441407658921165
767,53.328576080198836
768,55.503184709983636
769,54.03059885714284
770,59.27498394652382
771,55.70106267904752
772,64.59813567140418
773,62.383763635091775
774,62.03891918922497
775,64.47087868306792
776,63.10941384616676
777,62.95769674175791
778,62.732469897978326
779,62.61133709651967
780,65.81956731612973
781,62.76328461047583
782,62.9875346033593
783,61.345362154731276
784,65.41136811262515
785,62.14029858757725
786,60.014587342256696
787,65.06655031695094
788,65.18014963242238
789,65.65990296285976
790,63.571955561522955
791,59.577937883124676
792,61.427752701683495
793,54.5907417523362
794,53.57173140228167
795,55.86675119448029
796,55.763090847090986
797,57.30145949357417
798,54.74692600470626
799,58.20993492675222
800,62.92409855562681
801,57.58362763816804
802,60.44768709010971
803,58.29771459277054
804,60.95534815584955
805,56.61230637266776
806,56.97250653731919
807,51.29715273839465
808,57.14697813956672
809,55.32082694937016
810,56.04546824425783
811,62.0542045014031
812,55.22259913485309
813,52.20550733810953
814,54.21197607743924
815,52.870073369456335
816,53.7408763718727
817,59.41721101227662
818,56.54658223515564
819,55.663579766920776
820,54.210910715998395
821,56.39623005809268
822,60.02217307036089
823,57.93122936234674
824,60.06155073622427
825,60.40651131776772
826,57.33614724028099
827,60.923528715494626
828,61.07010379606074
829,63.62474352719226
830,62.10549550586869
831,62.58985289062252
832,62.62106804620576
833,64.38663681678119
834,63.513445425628895
835,64.49582654346045
836,64.3669979208821
837,63.01764904893971
838,63.11190120481
839,62.660283102165515
840,66.01229539085209
841,63.73202138887112
842,61.94943906358599
843,64.18562015524427
844,63.76318219551435
845,64.21012876752535
846,71.0146390271928
847,65.22132651702222
848,68.54599342295852
849,66.81445559963143
850,63.5816909660023
851,62.429249993035135
852,66.2071577591523
853,63.55237441314943
854,61.66985482484093
855,66.45869071938075
856,64.28112893776309
857,63.69026082710279
858,64.97054777346108
859,67.06173152036419
860,65.75605155565806
861,66.0291129558789
862,64.86175809921865
863,65.10028532011401
864,63.689177243947896
865,61.07543402647121
866,64.24383802582304
867,65.77608721702686
868,64.83336567559482
869,62.74355423595191
870,65.15590803729135
871,65.02298365567619
872,64.23138677007684
873,62.34849964779131
874,63.140529190400386
875,64.97067007603354
876,62.157882413710915
877,64.0341837954299
878,62.1297217585813
879,63.92034601325635
880,62.69567239651376
881,66.15629126730825
882,64.72158809060609
883,62.78794206347078
884,66.49324868762888
885,62.845221952463255
886,63.52419779881208
887,65.31967810448643
888,62.57043216821973
889,65.25977628183716
890,66.25638030774934
891,65.97323049237333
892,62.89141052264613
893,67.33887486103364
894,65.20630812838947
895,63.037816421689946
896,65.32517926317718
897,63.6654885376308
898,65.21268263280115
899,64.00345769675992
900,64.60164538821086
901,62.76835765383842
902,65.37929143337499
903,63.149028938135075
904,66.70455538893385
905,63.17808076641651
906,64.02367915189025
907,64.98202598344758
908,63.861711671769925
909,63.1721847223042
910,63.240383917965524
911,62.415597217262054
912,63.1414923831678
913,62.863285720705875
914,58.399938736069345
915,57.92942996292189
916,58.71364472359013
917,58.67909908032386
918,61.46128500581004
919,61.229534657520716
920,64.84903387016638
921,60.95733124790046
922,57.049028675202706
923,65.99345031062991
924,63.28303427207118
925,63.04133397821765
926,63.91145893124169
927,64.86939846189223
928,66.36597695647755
929,63.08748088696202
930,63.359730425616796
931,64.10533152075722
932,64.6177691658676
933,62.15438680322575
934,65.82725499273086
935,61.990284646631245
936,64.82863833522292
937,62.499958477394934
938,64.96093350511643
939,62.29542450786453
940,63.166251158439756
941,67.99700002352716
942,61.90889983130848
943,64.06911008253296
944,64.70322603144125
945,62.57339479761339
946,63.47636340901745
947,63.00654020045965
948,63.61349334323673
949,63.847948468632566
950,63.94835478002201
951,63.30687781970792
952,65.55490177402622
953,63.06674985415043
954,65.84735491930388
955,66.30671922404683
956,61.066360070511024
957,66.58978813888253
958,64.73554078316627
959,66.53526385847536
960,63.07789302988303
961,63.25718542430985
962,62.54863699306534
963,63.48454403563438
964,64.65819918860147
965,65.2314851768047
966,65.78117561212255
967,65.57311348793525
968,65.79473126176912
969,62.89790154667343
970,66.6753801199754
971,63.82567540034451
972,63.477530008084734
973,65.19216460746946
974,63.765498683861274
975,61.97994519133436
976,64.26150338166173
977,63.29710360528252
978,66.71936850004587
979,63.26875453486968
980,66.84090070768073
981,63.38972535186744
982,63.62882833811999
983,64.3572989171467
984,64.02128310882546
985,64.24581087550766
986,65.97211143189546
987,67.02425331136604
988,63.53503157067341
989,64.33906649513123
990,60.792917962769884
991,63.34672614120317
992,65.04387992221285
993,63.310520617221734
994,65.69087161483928
995,63.013844073688205
996,64.1462100414298
997,63.333612160181836
998,62.481949188645224
999,65.34810717316904
1000,64.85371072391179
1001,63.35272958553285
1002,65.52970026852343
1003,63.27314171414098
1004,64.52049510594003
1005,65.04115995833818
1006,66.73554748298383
1007,67.49413492601167
1008,66.0466713419796
1009,65.77615391799644
1010,64.47185678965678
1011,65.99420290958784
1012,65.84123693386351
1013,64.96804535422291
1014,62.85736264095108
1015,63.56146736914298
1016,65.09428844633193
1017,65.2888031347039
1018,65.13273806122868
1019,65.32257818801827
1020,63.57686101796962
1021,62.414441084754955
1022,65.52503706116454
1023,65.47111933880797
1024,67.35018035249581
1025,64.25430475269658
1026,67.2160879830033
1027,65.06499400951026
1028,64.86987335175542
1029,64.5865528015166
1030,64.49069162862361
1031,65.11903590348852
1032,64.71201961594225
1033,64.96344627446243
1034,63.98178497704753
1035,63.564323234619536
1036,63.98662205353217
1037,63.49396980071103
1038,65.52963738573953
1039,62.48182329481868
1040,64.75856486391612
1041,67.10076358442845
1042,65.13707708734648
1043,64.12578495331486
1044,65.74517596556382
1045,66.46564409343391
1046,64.59892189807208
1047,63.05424338497555
1048,64.73379385070912
1049,63.27030490041198
1050,64.85850156920088
1051,64.28483159301494
1052,65.06596180011303
1053,63.270391585721896
1054,63.967117120484495
1055,62.920841531268536
1056,64.15089575607274
1057,63.99850324103984
1058,62.95974915884112
1059,65.67431315159756
1060,61.9914887869963
1061,62.20922416234608
1062,62.974026262198194
1063,64.20263875344494
1064,65.48151811548792
1065,61.833764123753205
1066,63.11444004757036
1067,64.05547557416708
1068,64.28935839950523
1069,61.49462012267263
1070,62.371576733114466
1071,63.19382613643199
1072,64.04397741349895
1073,64.75689625799397
1074,67.19708157643606
1075,65.98656787547499
1076,63.51765268417078
1077,65.31613969134298
1078,60.59835661954323
1079,62.46274108351985
1080,64.0477382537929
1081,60.137547154731536
1082,62.52239855496845
1083,64.12152083922427
1084,60.53036472754997
1085,63.59340208584813
1086,62.82215242919836
1087,62.063206447338295
1088,61.7783834306967
1089,65.56800364982664
1090,65.35662133014519
1091,64.41979506758955
1092,61.984497474794196
1093,64.1990861542754
1094,62.172498749543735
1095,63.9155579600383
1096,64.98029737709766
1097,62.173713699159705
1098,62.06994458013164
1099,65.73894086203596
1100,64.1993713762944
1101,63.925194727630355
1102,61.95841113539178
1103,64.23134883914499
1104,67.37364439506091
1105,63.1558797411861
1106,61.56795385553319
1107,61.6495228397377
1108,59.487549374179444
1109,63.77757979274153
1110,62.819519408425386
1111,66.22235194705125
1112,63.82257833055823
1113,66.34867123721381
1114,64.62702078278014
1115,64.98550689502262
1116,63.57217341609705
1117,62.118741580563785
1118,64.59073419411868
1119,69.24679749018033
1120,63.61263971795142
1121,65.61242653848859
1122,63.164200484902636
1123,61.683741699519565
1124,65.76037003153297
1125,65.44328337291009
1126,60.23929877085665
1127,62.470081594754944
1128,64.33252438693201
1129,63.5385959675228
1130,60.04144238589185
1131,61.68339867433361
1132,64.87986858368215
1133,64.84772955758403
1134,65.16656917244075
1135,62.85138164194408
1136,62.18034752045054
1137,63.49164089443033
1138,68.06304960272925
1139,65.2870359740429
1140,63.24179744508545
1141,63.7403624540796
1142,64.4677041523604
1143,64.50039770504632
1144,62.875179618498436
1145,63.80857295707309
1146,63.60130767299943
1147,63.027358088634365
1148,64.37089971890899
1149,63.009285241094865
1150,63.143042550395855
1151,62.66838121634002
1152,66.92637882114715
1153,65.26870792753841
1154,65.98231176959099
1155,64.58660641527779
1156,64.43904454175555
1157,65.2719237684957
1158,62.15034321131497
1159,65.26810722178368
1160,66.64922969537866
1161,64.74547881175798
1162,65.069124904862
1163,64.65437911191553
1164,62.97468685883616
1165,62.73485286018537
1166,63.94582598478794
1167,62.80849605339049
1168,64.16245904245116
1169,64.42429948180408
1170,63.87453762832227
1171,64.99625133129517
1172,63.75251557174566
1173,62.17461041424617
1174,65.294181736603
1175,64.57802924158462
1176,63.85298194840721
1177,63.882539133463624
1178,64.00682384718871
1179,64.44936488922698
1180,62.65455922583195
1181,65.05336325578548
1182,63.95272171987019
1183,62.007580149512975
1184,61.24810080706447
1185,63.792871765922015
1186,65.32328080826773
1187,67.00684335949417
1188,64.2127709907527
1189,65.63968819601453
1190,65.54411938353583
1191,64.2137659491835
1192,63.336449496556696
1193,66.3669193262326
1194,64.18188937106859
1195,65.11788551825506
1196,63.540467177897064
1197,67.44613356102978
1198,65.11156427251186
1199,67.36541400470425
1200,65.1366193641438
1201,65.14340770103895
1202,66.56180613032778
1203,65.7912279573639
1204,61.66409994319676
1205,62.811620698840656
1206,62.543214445629516
1207,64.597068257912
1208,66.94186196316531
1209,63.05186942280482
1210,68.87482068873649
1211,66.15415756141421
1212,63.02954607910705
1213,65.43285399550011
1214,67.03113280462183
1215,62.49642258720717
1216,65.92788854231259
1217,67.99953370565802
1218,64.70440133323957
1219,67.66973097880954
1220,66.76359770777437
1221,64.51748367232629
1222,63.8471267398687
1223,65.26542026991797
1224,65.20200916057833
1225,62.15634050311947
1226,62.75918881040291
1227,60.343786042947144
1228,58.03565491496204
1229,57.3755491006347
1230,57.21094472683522
1231,56.58964690172757
1232,59.7070268841279
1233,58.80846711067329
1234,61.36102344683452
1235,61.63719341387282
1236,62.738034970774905
1237,59.20063511207192
1238,58.863545411458
1239,59.119015075363926
1240,58.680040406208974
1241,59.234071763755715
1242,56.08720757469209
1243,55.796501387885904
1244,59.170343400738034
1245,57.62635876570214
1246,59.55967246628784
1247,56.789906354760966
1248,57.08100730673194
1249,60.88889979086217
1250,60.833211896726155
1251,60.91483138020505
1252,60.03982315723453
1253,66.41732332797966
1254,64.7005307342414
1255,63.001030253507714
1256,65.40238986449525
1257,61.19866014903162
1258,64.0145623639384
1259,65.73874285343956
1260,65.39679543998886
1261,64.243288186695
1262,62.30214452359092
1263,62.4205785384238
1264,63.97766640485747
1265,62.177663872072586
1266,64.33654673070232
1267,65.38929025878168
1268,65.77677785892209
1269,64.87823372542144
1270,64.62952139721786
1271,63.196923539225914
1272,63.81230251800918
1273,64.02593667785831
1274,61.09031698744348
1275,63.95733354335209
1276,64.58747633193312
1277,61.974372453470885
1278,65.28949280894386
1279,61.85237605767577
1280,66.44361477047751
1281,62.284904009454216
1282,64.05563138237409
1283,64.75104063036645
1284,64.4411748340218
1285,66.67301476842341
1286,59.28022669858524
1287,63.283911653904134
1288,61.63301668072515
1289,63.54324061676302
1290,61.07576504304976
1291,65.64700107441206
1292,65.98752599920262
1293,65.89130543309943
1294,64.51492712901175
1295,66.95850847361012
1296,63.023943130315935
1297,62.59081746940141
1298,63.66423652446732
1299,60.647923796039244
1300,61.894807345152124
1301,64.23607629834632
1302,62.94345618759309
1303,67.3012983062118
1304,65.57865451268368
1305,67.31615327664845
1306,66.43011904890272
1307,62.98746502732281
1308,66.03853125580773
1309,63.21384243492166
1310,65.07121653840164
1311,63.20709261308586
1312,65.00407176321971
1313,62.59090171919861
1314,61.14633729685134
1315,63.51174890485347
1316,65.31267273813971
1317,60.25909052870378
1318,64.15850488862988
1319,67.04967634488604
1320,66.04648887368593
1321,60.42903715755103
1322,64.52593578374955
1323,64.87224042618554
1324,66.07832099338634
1325,64.6745640497181
1326,63.40084312541309
1327,67.64175202619897
1328,65.52456985446914
1329,62.86597978020993
1330,63.9689104214433
1331,66.05485228814142
1332,65.0599395626146
1333,62.25093862862547
1334,65.01658400158719
1335,64.64312188153352
1336,67.02535901948887
1337,64.96769349832665
1338,67.60778968927508
1339,66.57287159922898
1340,68.91188573411632
1341,64.27993443633719
1342,63.52468815631371
1343,61.850076725633045
1344,64.84869841865178
1345,62.38496620517123
1346,59.943753152560596
1347,58.12768180784841
1348,66.16977014228723
1349,62.66952672874055
1350,64.85795933517507
1351,66.63431548152326
1352,61.297327384990666
1353,63.6980408312113
1354,64.73464293041279
1355,64.17211912262512
1356,66.49648570480566
1357,64.23636278998873
1358,63.63412309154601
1359,61.76398264746981
1360,63.59799112486902
1361,65.01594466907328
1362,62.300423590484925
1363,64.787941411445
1364,63.5528545362177
1365,60.06309806824363
1366,62.31666394649822
1367,63.16993940627772
1368,64.98099459759511
1369,63.8573115366741
1370,64.72945016766883
1371,64.50200365332643
1372,63.82595721520293
1373,66.43081981851029
1374,65.24162456992265
1375,63.48506688196027
1376,63.2400116497711
1377,66.4769569658596
1378,65.48166664809581
1379,65.34858226019854
1380,64.027446779188
1381,66.50656363934317
1382,63.33106206299919
1383,63.63362151361334
1384,66.75571293955488
1385,65.28285649860719
1386,68.84057433551243
1387,65.55822937806494
1388,65.19164734607114
1389,69.97107038564121
1390,63.96729008918828
1391,64.85662924624472
1392,64.76242122243694
1393,61.784423183106775
1394,66.08057180078471
1395,64.17676073054955
1396,64.19341520905385
1397,64.96185387080328
1398,66.46500882426172
1399,63.95550961402679
1400,66.0980016628282
1401,66.63556308286836
1402,64.95558066978822
1403,64.60182723313977
1404,68.10461852013361
1405,63.97525092586622
1406,64.69509963482787
1407,65.20837953118844
1408,63.79826192160668
1409,64.81814412364938
1410,61.64108474677881
1411,65.44609952235778
1412,62.55595879873842
1413,64.25931869749989
1414,64.71391893769979
1415,66.47863807661204
1416,64.96887906855959
1417,62.838327781257355
1418,63.35378843384794
1419,62.51835772321301
1420,63.95986880088054
1421,63.63606779915397
1422,61.76743560869799
1423,66.487780860812
1424,57.85755934797323
1425,65.57604674661454
1426,62.347496076891034
1427,64.66127158618598
1428,61.666167714710035
1429,62.094986564363964
1430,64.17336187525102
1431,63.44911480163132
1432,65.62776105538109
1433,63.670528807513584
1434,64.29898747290922
1435,69.90492118837014
1436,64.44224701034567
1437,65.73989433860999
1438,66.75610545701407
1439,65.9538870726159
1440,62.0133238101443
1441,65.91002860923577
1442,61.713801623089296
1443,63.84726406753479
1444,62.94696289024182
1445,65.77500980506993
1446,65.64865343826902
1447,63.80284998203047
1448,67.2161849258546
1449,68.13050198216753
1450,63.18138861906965
1451,65.68614725179681
1452,64.61578702136829
1453,63.752467024228494
1454,67.3676779965045
1455,66.50217363193684
1456,67.88001316504922
1457,63.762546817497814
1458,62.93252221346475
1459,65.6093724155663
1460,63.2689896408962
1461,63.84711712513338
1462,65.25887800214
1463,61.27208851304252
1464,61.38444650997262
1465,60.77995317096478
1466,62.99764116378573
1467,68.50161611377514
1468,63.66310174827057
1469,64.45775879523556
1470,64.16012972243874
1471,63.31644011549286
1472,63.85667123437141
1473,61.02190502091024
1474,62.577317861757166
1475,62.25671911085496
1476,63.560207945180764
1477,64.15795050141683
1478,60.9520921547967
1479,63.02850204666208
1480,61.208419413580486
1481,63.1129475964991
1482,63.429680075208395
1483,64.77778278053347
1484,62.61014128890869
1485,63.19376244087383
1486,64.4229230987988
1487,66.28794159777806
1488,62.48602787568176
1489,61.45050293111021
1490,62.4814798605279
1491,62.53395915703035
1492,64.30036684320665
1493,63.720451844283744
1494,64.32991577678402
1495,62.48171553167066
1496,66.9172672998934
1497,64.3528575424223
1498,64.58696930954748
1499,63.08483086723245
1500,64.1712769993669
1501,61.985182316319516
1502,62.33679926527336
1503,63.321044508268216
1504,64.02224366531867
1505,62.753728572127194
1506,64.21803480479443
1507,60.06379189545181
1508,61.410775169246264
1509,63.46868627621855
1510,61.067711841594104
1511,59.9226119612769
1512,60.69099673582426
1513,61.79459652823438
1514,62.50755706246103
1515,62.46029791999322
1516,61.946130355461314
1517,63.32932790035798
1518,61.55221720745246
1519,63.604635460100816
1520,64.26222398139801
1521,62.139136135289355
1522,66.77459170533739
1523,61.21920790738254
1524,63.01590817799013
1525,65.3959011517663
1526,64.18385693493649
1527,63.30010431350037
1528,60.15349982538454
1529,64.62071764258823
1530,63.456253920654376
1531,61.90464868056261
1532,65.61529028213977
1533,65.25395864038587
1534,67.10448068796845
1535,65.70937985333624
1536,61.95070602552919
1537,65.0835613736927
1538,62.78938354574388
1539,62.717489045269
1540,66.06624758114918
1541,63.98245963207399
1542,63.22600283186792
1543,62.38839402946694
1544,64.25635852447124
1545,59.547057275582276
1546,66.40641320175536
1547,64.87537343441284
1548,67.34308652181531
1549,61.58781935867378
1550,60.62326761567907
1551,61.27132309876484
1552,58.49709178832481
1553,64.49176501768898
1554,58.46018313389929
1555,62.157050833316994
1556,61.72938530365719
1557,61.08875827832747
1558,60.27335465424247
1559,64.02882501149779
1560,63.23140363373847
1561,61.74131043179188
1562,64.04815987771305
1563,64.32293886419329
1564,63.99128167825203
1565,61.08051523031118
1566,64.97405498256843
1567,61.55600230948861
1568,62.82404373775916
1569,62.37203933613788
1570,63.166462577995844
1571,62.281852386282075
1572,61.51540245675549
1573,61.10785683264583
1574,67.54122110159706
1575,62.26187242310114
1576,62.11656341336001
1577,61.956993669874045
1578,62.1923974184517
1579,64.62141917457228
1580,61.917522316813404
1581,60.16246449239043
1582,62.90590124044565
1583,63.071028441794134
1584,61.94732972696425
1585,59.95896923877763
1586,62.84075798647375
1587,58.66378856564509
1588,64.19443515121313
1589,68.85574376262886
1590,64.58046418534735
1591,64.04473694314235
1592,62.7351793253772
1593,62.51492986142771
1594,67.56188845241556
1595,62.1656383790528
1596,67.41627524978236
1597,66.17874231128295
1598,63.190344112424846
1599,69.03363091751802
1600,62.00414195665445
1601,63.51193162762999
1602,63.75633421991434
1603,62.18148900474052
1604,65.80049973667825
1605,63.082146125095136
1606,61.91079375947923
1607,63.50190980948047
1608,64.87110005231484
1609,66.57023605290769
1610,61.349872947773896
1611,67.5743202734885
1612,64.17259207643714
1613,61.407486735487296
1614,63.818068810176854
1615,64.9888664238132
1616,65.70578216433776
1617,64.02341997022206
1618,66.4661967049498
1619,60.784708389956684
1620,64.9758691447237
1621,60.201594945588724
1622,60.047054792589044
1623,61.82507549344865
1624,65.09126729302409
1625,63.79852970182613
1626,65.24426143445999
1627,61.16006594358725
1628,65.40328802090218
1629,64.47357224624328
1630,63.723305649574165
1631,62.33820423100491
1632,65.56797272145361
1633,60.837653405436754
1634,62.666230156492276
1635,62.08660772362929
1636,63.128100825900816
1637,64.69786410706686
1638,62.54736603509994
1639,62.93191909667228
1640,63.93917772979683
1641,63.729247916721775
1642,62.4067149030889
1643,60.56791982999496
1644,66.67672435347778
1645,61.51162397086105
1646,67.04532813067122
1647,64.70402491706066
1648,63.47599132495722
1649,61.87551295415533
1650,59.57126131175207
1651,61.02798256443027
1652,63.55350799497378
1653,57.73205975123676
1654,62.77258855926977
1655,61.65919672009028
1656,63.100727052618474
1657,66.12262307613219
1658,64.9731980513408
1659,62.575683406181334
1660,65.6464390099211
1661,67.43526965695052
1662,60.86194011613691
1663,60.19647989825701
1664,61.21743755359734
1665,63.67405906893824
1666,63.316116504014296
1667,63.58041044328375
1668,62.73829000825141
1669,63.981197077229304
1670,62.58886190517477
1671,64.90973490147104
1672,63.55908351249242
1673,66.1793628233203
1674,64.35171277865047
1675,70.20250368311696
1676,66.14430524293522
1677,62.27402481552836
1678,63.34478880083692
1679,61.54051502343383
1680,64.30192888447087
1681,63.56439807365212
1682,64.21738155213144
1683,63.60199494631697
1684,63.53800282776655
1685,61.24147484855644
1686,63.538953182144695
1687,68.15438019820996
1688,61.761173543498735
1689,66.77512989785399
1690,66.28267534058487
1691,66.0891805153015
1692,63.1601837818601
1693,62.48275823066722
1694,64.3635119087155
1695,65.89259268215378
1696,65.89752800594513
1697,63.642675710433615
1698,61.862111948984726
1699,63.27019065799993
1700,66.00727583240284
1701,61.77960684891798
1702,65.10948200567215
1703,65.2829730478746
1704,62.2599246295514
1705,62.39425652544429
1706,64.27048885158739
1707,62.66773493778191
1708,62.317584797839395
1709,64.8254885259025
1710,64.46503933726189
1711,66.16204184204221
1712,63.59964126211381
1713,64.25696380562913
1714,66.5917251959211
1715,62.70004903674767
1716,65.14891556188546
1717,62.80611874395375
1718,63.50983662694472
1719,64.71237401529622
1720,61.59756407822297
1721,66.39076137671967
1722,63.03153345301828
1723,65.61705212755922
1724,62.492381867563395
1725,62.555028376160614
1726,65.23339362872724
1727,63.94633139619387
1728,66.7130460890316
1729,66.50032066632866
1730,62.345370639296966
1731,62.00330865802333
1732,61.23200531584556
1733,65.18292077950365
1734,60.37600238015327
1735,61.21823057786696
1736,66.03183121286378
1737,63.485615054743874
1738,62.05039308595264
1739,64.01306305267478
1740,63.03233374364325
1741,61.38281312533897
1742,61.885480575173474
1743,62.68828256597308
1744,63.84614893342209
1745,66.4415546781907
1746,65.01606954998738
1747,64.18006803854884
1748,61.91578943018808
1749,63.61632742562315
1750,62.433526801894324
1751,64.77790120655884
1752,64.21897711729495
1753,63.726981918474245
1754,62.6496486011794
1755,66.44835628556335
1756,64.27373053003961
1757,63.934707408000925
1758,67.99297218630348
1759,63.536743053014334
1760,62.60360180679008
1761,62.69875050650027
1762,61.719407993740774
1763,63.25641774125811
1764,64.17594940392559
1765,63.2087958684421
1766,62.60310787462038
1767,65.37385965004918
1768,64.2901234877614
1769,66.4026483869102
1770,65.39174286416689
1771,62.02734893858857
1772,67.34792388402673
1773,65.67825567172638
1774,63.050525476241184
1775,64.30893411394523
1776,63.90276636037763
1777,65.63700364781478
1778,65.91879596705279
1779,66.5011207603562
1780,63.37714482452261
1781,62.24465216057844
1782,63.06135899792062
1783,66.78716972011937
1784,64.48153546016945
1785,66.18234655172272
1786,64.61828824675827
1787,62.425577969682735
1788,61.52414839853222
1789,64.04088218601001
1790,63.588616862880855
1791,64.6878111214379
1792,60.35416132231189
1793,63.61708226579022
1794,62.262013542757245
1795,62.92747418715159
1796,65.27040030790567
1797,64.2378619368198
1798,65.51961268336709
1799,66.3471861319003
1800,65.13860587358364
1801,63.557516312385786
1802,64.18843430167968
1803,63.12980185485696
1804,66.54987659410514
1805,62.34457370354903
1806,63.32507344783222
1807,62.17461468827844
1808,63.54701139298452
1809,66.19525223748934
1810,64.25152161903553
1811,67.73668097012295
1812,63.52810271390256
1813,62.44492223798795
1814,64.23350265094187
1815,63.385830284916175
1816,63.02955964021112
1817,63.34503844006729
1818,63.96154394528714
1819,63.46831282381084
1820,63.81240921253214
1821,62.88201667998895
1822,64.38105818431802
1823,62.734849591273445
1824,62.88301327956926
1825,64.52093090333274
1826,64.69110278516226
1827,65.68963026462012
1828,66.15668548550255
1829,62.17907909716835
1830,65.40949039306298
1831,67.34066827126252
1832,63.358957268179616
1833,64.38585963177731
1834,65.1141198108347
1835,66.4769882984262
1836,62.65922971113052
1837,64.91597895906676
1838,66.84431485984271
1839,65.2583889666277
1840,63.35816090179
1841,62.94094451911537
1842,68.1161417563776
1843,67.85231183683165
1844,66.37579888679097
1845,64.38182477159937
1846,67.41205447520221
1847,60.57620195504782
1848,61.83307362271904
1849,65.35644318774082
1850,62.17650343180724
1851,63.60933725682698
1852,65.67328537537007
1853,65.11133002865843
1854,65.43886282711186
1855,65.87304443873238
1856,65.90863684193272
1857,62.71525477488419
1858,62.65844614515312
1859,66.29611589992064
1860,66.17732217894604
1861,67.66794032946272
1862,62.422528676541745
1863,64.91143705843098
1864,67.85005983450948
1865,65.75991059969398
1866,64.23324209630893
1867,66.43189663903524
1868,66.79806494685663
1869,64.50167277010131
1870,65.50393971811138
1871,65.1730847918693
1872,63.50378315747874
1873,63.826673235361106
1874,62.20952451014494
1875,63.21568016114008
1876,63.793315617482854
1877,65.43330617480876
1878,63.66875824920448
1879,63.07522805227373
1880,64.09549804069508
1881,65.34074509604795
1882,65.21258742986454
1883,63.19823871281156
1884,64.41325039895474
1885,64.11413337714855
1886,64.08921325789983
1887,61.68857275280559
1888,67.3645052300633
1889,65.62450222147109
1890,66.91376172373555
1891,66.41549657073612
1892,64.5078980874668
1893,65.8193795915601
1894,63.11999244196506
1895,62.80549475868711
1896,60.77026898376396
1897,62.05768944835066
1898,63.053587644250655
1899,63.10141728049169
1900,61.81778880628048
1901,62.82320169513351
1902,63.173218094934555
1903,60.905043705091884
1904,63.002908564572444
1905,62.71632633759733
1906,63.16547461057519
1907,63.382658845164656
1908,65.96141472864214
1909,62.525454715588786
1910,61.973239890985376
1911,62.768406228122615
1912,62.313416009836565
1913,61.552779661266776
1914,63.53926535774214
1915,63.83450596343739
1916,64.78077424488835
1917,63.23953100315908
1918,61.19926945043451
1919,59.7889658776107
1920,65.8426815492324
1921,59.60540626657107
1922,64.70589561969457
1923,67.6104743002256
1924,62.21340285212219
1925,62.8692789147203
1926,63.35679688892376
1927,64.36125461435894
1928,67.73455504710172
1929,63.50452259189638
1930,62.993238742388094
1931,65.61840800275738
1932,61.76867673366239
1933,61.96163248504851
1934,55.93510235563199
1935,60.65512405141613
1936,61.35331876881678
1937,59.9113073527485
1938,63.01967285556118
1939,56.67989671708106
1940,56.05700561670298
1941,65.01624524167698
1942,58.83912422627282
1943,58.09701393404484
1944,60.75100150898625
1945,61.08679105489097
1946,61.713618632222605
1947,57.98766128287942
1948,58.072981384082645
1949,60.2974231627113
1950,58.08911046211546
1951,59.6539798124385
1952,61.8656803252173
1953,58.02337196801523
1954,61.224732217486874
1955,57.289504517232444
1956,57.78427043722526
1957,60.97799548233446
1958,61.42293973621038
1959,62.41471550720779
1960,59.87066679613297
1961,60.33473651597293
1962,62.05773576459355
1963,59.233089893222896
1964,58.77745839510926
1965,58.03258330096489
1966,56.49320634996941
1967,56.44982237864006
1968,55.991894427484915
1969,57.52165153359319
1970,61.394221111862485
1971,56.07074790534997
1972,57.881524351808785
1973,55.70831179812473
1974,60.838163510771444
1975,54.22374659518552
1976,55.30220303745004
1977,56.95296825079194
1978,57.217068883561076
1979,56.062566281177716
1980,56.67924502786438
1981,59.96583260271269
1982,58.31051364343175
1983,58.75675042701648
1984,56.54371747893407
1985,53.84714461003099
1986,54.672182157680616
1987,57.25963531743562
1988,58.04436051662069
1989,59.115489899959904
1990,55.792861916375976
1991,56.301370715777246
1992,59.6946643927986
1993,58.45254587171806
1994,59.23462291938295
1995,60.321184020369174
1996,60.88225315999494
1997,60.925238562465985
1998,60.250696386976635
1999,60.24078139062417
2000,59.62127860500042
2001,57.64632657052961
2002,58.71434859043035
2003,56.48472553383341
2004,56.26887014346277
2005,53.97436354554134
2006,53.86307246810689
2007,56.435589334204
2008,56.666645281477834
2009,56.77421191410689
2010,55.49581329956224
2011,54.545777504199194
2012,57.34432263080552
2013,54.12695626055065
2014,57.043256673155426
2015,53.98459039492217
2016,54.287598644403275
2017,57.50015289568084
2018,54.75861096424447
2019,57.318371620810346
2020,53.60594124374202
2021,55.16332411355404
2022,57.42473303749083
2023,56.534926966787985
2024,58.63105985818083
2025,59.15356173179535
2026,57.7203293479154
2027,58.28688991333376
2028,55.68949389429081
2029,58.85911779513792
2030,57.02550084133146
2031,56.22139029059613
2032,59.77772697283951
2033,57.53304086901167
2034,57.87629848507945
2035,59.6650828555066
2036,56.21587322422908
2037,55.57231689443015
2038,56.250636267036086
2039,57.97065478419723
2040,57.515109245905954
2041,57.61667523427493
2042,58.173207215874946
2043,59.26008073871723
2044,58.6350321709969
2045,58.82585306310093
2046,58.21272578689286
2047,57.01015887126536
2048,60.33598863703945
2049,60.3377422706832
2050,60.31719856086917
2051,59.41998316623291
2052,59.941853406324476
2053,59.03726909902697
2054,55.65570964318515
2055,59.83461661520229
2056,55.23771888932152
2057,60.88327568214408
2058,55.9993396921537
2059,54.22381487496335
2060,57.69401587932782
2061,55.35987915684796
2062,57.63300407331126
2063,60.77778446197636
2064,58.0319939443404
2065,57.05145402860448
2066,61.28775790098378
2067,59.860385234424605
2068,57.92163717142264
2069,57.85311825081272
2070,57.86452363174222
2071,61.42613642244012
2072,62.33458605379977
2073,57.493756090517735
2074,57.71592534549316
2075,55.16625064398229
2076,56.85500499033499
2077,58.23472151200342
2078,60.02959735122923
2079,57.8194077984348
2080,59.996134611936974
2081,58.94599470032185
2082,56.91151012337087
2083,56.74738506354311
2084,56.83874146375763
2085,58.97172321164665
2086,57.31958918711594
2087,55.48709622881941
2088,59.0910030489221
2089,60.26627505623483
2090,62.46332775576866
2091,59.699181120071096
2092,57.568025167025034
2093,59.458476376207436
2094,59.553686656423814
2095,61.32428135141836
2096,57.76517469241513
2097,58.80060351571745
2098,57.73529301964508
2099,59.77207216049838
2100,62.302287603391235
2101,62.91098229954252
2102,60.82126691044679
2103,60.03850920058559
2104,57.638161881804145
2105,61.680908517967254
2106,58.98555155010518
2107,57.36863816505087
2108,58.50707171896205
2109,56.656478664802364
2110,56.39987761116957
2111,59.00514598365053
2112,57.10429669129089
2113,58.17370055381329
2114,58.19613879876701
2115,56.5205379365912
2116,55.17843969278999
2117,58.28835712054613
2118,57.7728746753301
2119,59.33556565161137
2120,60.734972049876525
2121,59.36298242290566
2122,59.482532666076615
2123,59.94476191190271
2124,56.56478627905677
2125,55.326640522696856
2126,58.0435104206091
2127,55.59386480964161
2128,58.46526213882912
2129,54.403345197775316
2130,58.34497841163735
2131,57.546186780849254
2132,53.97937434941233
2133,56.38603880672697
2134,57.91534870401655
2135,55.98926155495512
2136,58.28150382138887
2137,56.048370992785465
2138,62.08503671592073
2139,57.88224529891953
2140,60.76790875492563
2141,60.641995628309225
2142,58.33097854672809
2143,58.85710523152564
2144,61.25392258931558
2145,58.70773673275501
2146,62.20986055894812
2147,58.984561688791295
2148,59.59276297803507
2149,61.230435100463744
2150,57.29423160605068
2151,59.2336504195302
2152,59.60117716839128
2153,60.819999230477485
2154,58.12900407619199
2155,59.21795619879045
2156,57.42943212415654
2157,56.83297310675014
2158,55.68407149860894
2159,56.40592889230591
2160,57.23327963779886
2161,55.654640859891195
2162,59.62241686638284
2163,60.77739077020614
2164,60.98187526163298
2165,57.38116914642914
2166,56.936391061911515
2167,55.96130894651146
2168,59.9107209663541
2169,55.509928656524266
2170,57.89019877260562
2171,61.44988042471298
2172,59.27837316386362
2173,57.616373812399345
2174,55.798644886595575
2175,56.7570624978672
2176,57.99631886632735
2177,55.06809953286688
2178,60.08910432508456
2179,55.982968879671596
2180,56.495255309000235
2181,55.75186945229109
2182,58.11716422939645
2183,59.61036376485532
2184,54.0034731583725
2185,55.45445032669712
2186,53.841233445363216
2187,53.063873769076324
2188,56.13974399585783
2189,52.33761456192531
2190,52.876451724198716
2191,55.58339909306039
2192,56.92986466812813
2193,59.005767564807904
2194,58.085577532919785
2195,56.490532396119114
2196,57.982784314672934
2197,56.30930422355068
2198,57.388821677224605
2199,56.61599300700243
2200,58.19416021936552
2201,57.50949371507411
2202,58.74326602299291
2203,58.59406122756806
2204,60.5524622299366
2205,57.70834894014567
2206,59.7319714010472
2207,55.7546607746081
2208,60.80787807171086
2209,57.49132071123558
2210,59.50011519783461
2211,57.79219370585733
2212,58.986016261074965
2213,59.75192434728044
2214,58.12231014535874
2215,58.226512499520254
2216,56.54767783070742
2217,57.286279698301726
2218,57.616037471767086
2219,58.338030484568904
2220,59.53222094057839
2221,61.26691532261545
2222,60.49309576086119
2223,59.17061082888843
2224,58.65298219801921
2225,56.88821362301749
2226,59.86593753511466
2227,59.205431437813864
2228,57.41193355073074
2229,58.35464863011692
2230,55.254639253219246
2231,56.880591550991376
2232,58.93221282711324
2233,61.024517284975126
2234,58.76081987351998
2235,58.80242451911976
2236,57.373572384383344
2237,58.921164247526875
2238,58.35116185985108
2239,59.429614819476036
2240,58.10692507867434
2241,58.18985308440358
2242,56.19121649768797
2243,59.18054817456545
2244,60.759660936219056
2245,62.64653624603709
2246,63.90890576547455
2247,61.506173313864515
2248,59.898910631932495
2249,57.93170185349902
2250,55.56210694573564
2251,56.448036271176065
2252,58.7117365103364
2253,57.174406465671524
2254,59.5185985843062
2255,57.65369439230037
2256,59.11297864702695
2257,58.6715333744818
2258,59.976909645566785
2259,56.88745028561903
2260,56.89762827142471
2261,59.8213825448745
2262,61.648561587591715
2263,56.696293071887894
2264,59.264618102485166
2265,57.0373087235339
2266,57.7347099146612
2267,52.92444840500913
2268,54.88974290897512
2269,50.742410867156565
2270,54.00367035467237
2271,60.9876049952068
2272,59.926140921622434
2273,57.28161853357482
2274,58.41013267956208
2275,58.75905751389469
2276,56.79423549847748
2277,59.72470178138041
2278,62.17861924570872
2279,58.68560396292775
2280,60.10184968947918
2281,58.340976283381856
2282,58.6555566253989
2283,59.55981609162269
2284,57.39676770955508
2285,58.060571290163296
2286,57.74549604187969
2287,59.2819197687965
2288,55.784128851534454
2289,57.436470684542826
2290,57.66399620576177
2291,58.79848792369187
2292,56.1416690726598
2293,55.05578709280736
2294,55.81134327974589
2295,56.64657400692645
2296,55.61991005537202
2297,56.286280456774364
2298,60.094627511312346
2299,57.714096983524975
2300,57.022896061814414
2301,59.65294058931766
2302,56.679760995254654
2303,57.49043301084312
2304,58.953809980397615
2305,55.408075908616375
2306,56.13814967414037
2307,57.92718564407849
2308,56.59177507078738
2309,58.87671456719198
2310,56.53794665911168
2311,57.592882941000546
2312,58.512448803940515
2313,57.83120594539585
2314,56.608054831445514
2315,57.76371404960255
2316,59.82024082675736
2317,59.26700242323596
2318,56.18218958881091
2319,56.85999051535757
2320,60.14098529101354
2321,61.00822868977487
2322,58.69760900107414
2323,59.12272048833985
2324,58.64247836745103
2325,56.262805121481605
2326,59.247123339287626
2327,57.15174198382333
2328,60.30829542537835
2329,60.12116519579515
2330,59.99468146314232
2331,61.527750932659956
2332,61.46286400007575
2333,59.48365870811658
2334,57.093037022331295
2335,58.479035089531436
2336,58.98225645962808
2337,60.84675196797448
2338,56.0142665158025
2339,56.98843271234258
2340,58.513143538318005
2341,56.8859647996374
2342,62.113893327312
2343,58.437618507279865
2344,59.74283954176626
2345,57.50929965121399
2346,57.297400035883975
2347,58.102584640568224
2348,58.96232313600658
2349,58.21220971310828
2350,59.652775002477874
2351,59.821257721097254
2352,57.93027861328867
2353,56.79841705729548
2354,56.027823825350815
2355,57.40530677409943
2356,59.82633686629431
2357,59.109067263641975
2358,60.82864981791226
2359,60.04913698819917
2360,57.29446585359074
2361,57.40333364814727
2362,57.577641406812006
2363,56.70772353893409
2364,57.08641423626802
2365,58.97208482659015
2366,57.52661636442021
2367,62.27180133696262
2368,59.927192465786824
2369,57.35932497931192
2370,57.70658935988922
2371,56.1482874095125
2372,56.6252254079021
2373,58.21736113962042
2374,60.12349038423616
2375,55.70712486102711
2376,58.57488021926217
2377,57.853385127357285
2378,56.182824333718614
2379,59.15795786164396
2380,58.47848418476889
2381,57.42969406025388
2382,58.25229703628658
2383,61.45240893745448
2384,59.85981819566607
2385,57.81138687845783
2386,57.91757075438316
2387,59.38412597123069
2388,58.62201015835065
2389,59.77899287453874
2390,59.735320921897866
2391,60.98655189648923
2392,57.804248909361085
2393,59.221758330171305
2394,60.404951081118604
2395,57.105318187335534
2396,59.84980020787145
2397,60.7212820271034
2398,57.337553506672826
2399,56.726082991236154
2400,58.09949163745803
2401,58.86663005169721
2402,56.801262279990986
2403,60.70531255057765
2404,60.47004891727753
2405,61.575584062935235
2406,59.516653332307904
2407,58.923581817329136
2408,63.57109126128545
2409,61.38271106893784
2410,61.455314460464436
2411,62.36935812591228
2412,57.375513880164824
2413,58.51917380023645
2414,59.87419228161202
2415,58.03058911423952
2416,60.65210270190605
2417,56.86680677773858
2418,53.99389612098992
2419,56.90398034185944
2420,58.983738589682204
2421,62.57885234814086
2422,59.07623461862145
2423,58.466324418134086
2424,59.00056078635963
2425,57.752017984259396
2426,58.06743749683628
2427,59.193654478883936
2428,57.17279408368117
2429,56.26939164773441
2430,59.597381248273685
2431,62.00679950282246
2432,61.10104643391953
2433,56.89854843165863
2434,60.32713034683822
2435,58.29381051734753
2436,54.08061005705682
2437,60.760551453342636
2438,57.76212523337376
2439,61.30396790873119
2440,60.983584940375884
2441,58.504027230553625
2442,60.43855039389154
2443,56.33123406686085
2444,56.64033130735669
2445,55.010728654835695
2446,55.75933606414402
2447,57.37133732234346
2448,55.518023573292965
2449,60.831177485398705
2450,58.04315398802805
2451,55.850489276618326
2452,59.05092225470398
2453,59.73629434076068
2454,56.80337211054976
2455,57.42911137714463
2456,61.97322255503094
2457,60.7769039384874
2458,58.485447527468935
2459,62.46748429977169
2460,60.500728506284155
2461,57.78426207801926
2462,56.41402482083162
2463,55.772337012859275
2464,59.17855879159295
2465,58.73434690601205
2466,58.758746507170464
2467,54.207627132455194
2468,57.18113344327541
2469,59.50564751867114
2470,58.493112991074604
2471,56.183849733204305
2472,59.15168897991804
2473,59.65222986869782
2474,59.474092743558096
2475,56.233006620260085
2476,56.56523737691602
2477,54.2822999779453
2478,59.04758759346997
2479,55.90233901287531
2480,58.15874064798561
2481,54.563620232523405
2482,61.19117016949544
2483,58.72208601087182
2484,61.74460622778457
2485,60.45559536539223
2486,58.934374640911834
2487,60.080919781390456
2488,57.693496958877915
2489,58.90927607886832
2490,59.27306136131297
2491,61.463862634733516
2492,57.82190731201114
2493,61.25904848336742
2494,56.811911157061104
2495,58.34490794639146
2496,55.642369865172746
2497,56.737667997796585
2498,56.966200893481755
2499,57.33554524347833
2500,57.439513397713746
2501,59.38019232296026
2502,57.68992686665453
2503,58.61980732227128
2504,62.67275462829175
2505,58.14925337045985
2506,55.50379031232566
2507,59.94119034258524
2508,59.219945570160924
2509,60.95618582809922
2510,59.84120707252569
2511,57.52917985667143
2512,56.43407630598715
2513,57.48942601343725
2514,58.80496079455013
2515,54.150516157384565
2516,55.897851116531804
2517,59.14274280962393
2518,57.480578459662645
2519,59.0710902769073
2520,59.68142158056319
2521,58.81505412063592
2522,59.13029439026969
2523,60.20786819645217
2524,58.88310561778478
2525,61.36446475543283
2526,60.42558015580336
2527,61.49268917964024
2528,59.24906067314286
2529,55.56482159039256
2530,58.43866475884467
2531,57.120000835417066
2532,64.54596415338816
2533,58.17192125881794
2534,57.455522333545666
2535,60.23434343842842
2536,61.267437003250514
2537,61.21308743489305
2538,60.857549389943564
2539,58.4543281178609
2540,58.27286438145919
2541,63.782005975931746
2542,60.606079351423766
2543,56.61325075367892
2544,57.83231258388147
2545,55.932762077929375
2546,55.509714493584234
2547,59.033925605834966
2548,62.530205120999746
2549,57.48594285248528
2550,64.40322775033044
2551,58.80438696085098
2552,58.15941104796571
2553,62.26421423962248
2554,58.36329151414388
2555,60.387350764903644
2556,59.95650730573359
2557,59.384827937137935
2558,59.62960608452264
2559,57.657743878688734
2560,62.75447020638598
2561,59.76463710211543
2562,56.70838373743686
2563,61.40609263166208
2564,59.117264919117844
2565,61.95384991154302
2566,63.08051628390067
2567,62.20737227486218
2568,58.57260794430238
2569,56.97662300885304
2570,60.72423854889172
2571,64.82625369688155
2572,59.44037586360363
2573,57.70396828338704
2574,57.22143254937728
2575,59.27371669714881
2576,59.879831741556615
2577,65.95861852858435
2578,62.6646106121319
2579,64.98381130360166
2580,60.54119715917943
2581,58.266398955229164
2582,63.16108770611524
2583,62.365462296613586
2584,63.63281587127897
2585,64.3544916100247
2586,63.62432188486051
2587,65.93184941129654
2588,62.135526985390925
2589,67.06883916477229
2590,68.14184953189643
2591,63.73873900149035
2592,65.30553418879447
2593,64.05245722276644
2594,65.10339051597381
2595,65.94622292785223
2596,64.54940808816826
2597,65.76420721777875
2598,63.48453496040943
2599,62.68452883394341
2600,63.127195565244506
2601,63.168636565075815
2602,63.24081721901656
2603,62.95061351581877
2604,63.187652314485305
2605,61.4822257346195
2606,61.55467997610233
2607,65.30481898786873
2608,64.00190773898264
2609,62.85206931120762
2610,68.37193674709323
2611,66.56945053513986
2612,64.74880540339741
2613,66.8041284524654
2614,63.66848928560329
2615,62.69018090722581
2616,65.07632445904952
2617,62.80782415395705
2618,63.24572920751451
2619,64.55309136823671
2620,63.86125837430661
2621,59.81717439334966
2622,61.45273358830402
2623,63.69639535929578
2624,60.76232669483203
2625,61.87976889048704
2626,61.37174491288652
2627,65.180383372235
2628,65.13283289234238
2629,64.21681250095008
2630,63.76816496243854
2631,64.26878714050133
2632,61.83665925583257
2633,62.41093683229425
2634,61.62321018366699
2635,64.73696576684999
2636,63.58086052715916
2637,65.24822534092841
2638,61.00563084556797
2639,64.2250089156407
2640,63.854602585558624
2641,64.78500166375524
2642,60.41276366763989
2643,63.50483826372246
2644,66.10268198690628
2645,61.740553184716994
2646,58.17245910994747
2647,62.01216020923531
2648,61.585629063449005
2649,64.77108115536818
2650,61.904624500615704
2651,63.321990625637135
2652,63.54029413346269
2653,61.73089397978563
2654,62.659374323483924
2655,60.50263737450956
2656,62.93120553248682
2657,60.193645013717
2658,60.5253611044244
2659,62.46216518766147
2660,61.96995763494119
2661,66.24207973122866
2662,64.83882471621646
2663,60.37140994359628
2664,60.16288915362842
2665,63.54244941203167
2666,60.9012931466945
2667,62.832202753063186
2668,61.22938548957366
2669,64.2422201233824
2670,64.3307728291073
2671,62.3308985381789
2672,64.9247424952379
2673,63.174132717369275
2674,58.74036116169929
2675,61.91090623398898
2676,56.72016091135418
2677,61.081001094831485
2678,61.5192275118973
2679,63.483861677423384
2680,61.505567555087524
2681,61.15065110597742
2682,62.94791968470898
2683,62.41192000240588
2684,62.76647814856653
2685,63.94946432502919
2686,59.4018568910021
2687,69.20565855224307
2688,62.50845136896956
2689,65.39424190005164
2690,64.10477067045233
2691,67.86887558983071
2692,64.40516329508009
2693,65.2074372927863
2694,64.22120805360542
2695,62.93676006574523
2696,62.90721800687753
2697,64.4634017452318
2698,64.57037578529093
2699,69.17958452866284
2700,62.86220435974575
2701,64.69405786065589
2702,66.14542395402415
2703,64.80400388299492
2704,67.71778911274984
2705,64.83389368664201
2706,65.61111121467476
2707,61.74948617191765
2708,64.4104540779069
2709,69.25422735798112
2710,66.96724963634357
2711,65.4699577273301
2712,59.960971010579755
2713,65.05955499047211
2714,64.751008694947
2715,65.19415484510388
2716,64.93257594965753
2717,66.61804751892956
2718,65.1767405412433
2719,62.222189194325495
2720,61.86283128141868
2721,64.59228246908005
2722,64.12991601047182
2723,65.1371050989372
2724,64.55642527295234
2725,64.27233610107103
2726,61.941456749152046
2727,61.430793490603925
2728,64.19271366342599
2729,64.14595031864704
2730,64.86626490159084
2731,67.69416193538738
2732,67.39980369998236
2733,64.57935177930918
2734,65.27483521967227
2735,63.99941721606826
2736,64.53042523838549
2737,64.48911176568738
2738,67.06032015330271
2739,63.45976637985804
2740,68.07775579921864
2741,68.10420100734981
2742,65.36865761583215
2743,64.07513069047967
2744,64.13644613683671
2745,64.04155551423479
2746,65.13251643606685
2747,65.45198817174752
2748,65.36021591590543
2749,69.36092313320933
2750,62.81710670309167
2751,65.95588860078067
2752,63.82890906834829
2753,68.63151986663655
2754,64.82899769943462
2755,69.27154162386364
2756,65.72597459997597
2757,65.63105395615534
2758,68.07758060611192
2759,62.18004554425622
2760,66.00042012169897
2761,64.4154786621748
2762,65.53798460227657
2763,64.55762917360119
2764,63.891798099977784
2765,64.99993359384221
2766,68.35224178682924
2767,66.38269450110876
2768,63.61259442131862
2769,64.4879241198077
2770,65.40348716230392
2771,62.60700623326332
2772,65.13899697108258
2773,62.77976226674592
2774,64.55970827672608
2775,64.47883780172948
2776,62.47526956674814
2777,66.07206115422862
2778,67.30979977591883
2779,63.77051909930531
2780,63.80184292936316
2781,65.9483080678304
2782,64.42163278504172
2783,68.26405273026353
2784,66.40662551523104
2785,63.88198292718076
2786,65.3665807637849
2787,64.69399816543108
2788,67.75356016281967
2789,68.96811335042526
2790,66.73772082167943
2791,67.97127459418687
2792,68.21229578741492
2793,62.302788105840484
2794,65.57738576179194
2795,63.34616376993191
2796,65.75363692486175
2797,66.19436786940167
2798,63.24027773864903
2799,63.36419319279149
2800,65.7832818926691
2801,65.79219764488512
2802,64.6591414832902
2803,63.38793426144719
2804,63.17041050485024
2805,66.04291393722085
2806,62.841929502944254
2807,64.20095256121421
2808,63.95401164129936
2809,63.39136014695589
2810,62.48717150598744
2811,64.00362149518044
2812,65.75183458077608
2813,65.4124497490444
2814,64.97874753691497
2815,60.04184264791279
2816,65.88301779445342
2817,61.75879346713578
2818,63.37357176876365
2819,58.245190547452516
2820,62.806161085474834
2821,60.74906606237103
2822,60.674539526805106
2823,61.90467426351946
2824,62.91158170958264
2825,63.43482316732331
2826,63.373125163744035
2827,64.55483749473304
2828,62.92061717169343
2829,64.00372710642523
2830,62.13529148359428
2831,61.85709429022656
2832,66.61492208240213
2833,66.57363727333392
2834,64.54095717103172
2835,66.02584015060266
2836,63.80012425107256
2837,62.05404512712612
2838,62.215211819359254
2839,65.06205188621693
2840,65.61923059621651
2841,62.48415032223876
2842,66.52844894096657
2843,65.74609692238793
2844,62.60142171054147
2845,64.4925161331073
2846,64.73501761076727
2847,65.44606779235879
2848,64.96278584603064
2849,65.88570263858048
2850,66.48971632204906
2851,62.83514247115573
2852,61.58164383528953
2853,67.86366213801254
2854,65.570246638507
2855,66.32132522316476
2856,66.87512326534714
2857,63.83612275088079
2858,64.88898819110067
2859,63.86781763781627
2860,63.57593550136523
2861,64.01479680521342
2862,64.96985307218924
2863,61.542476979249656
2864,61.95418987350688
2865,66.14360159355753
2866,64.62861160632772
2867,63.40120206728033
2868,62.84820536252496
2869,62.88583728661899
2870,61.9563744183827
2871,62.69704008850612
2872,62.6384980786041
2873,65.69166426698753
2874,63.61973538564643
2875,62.0141051218662
2876,64.26396975946369
2877,64.93049538370963
2878,61.52916273575967
2879,63.50123115730591
2880,63.60728884345492
2881,63.126076215882506
2882,61.78444408641505
2883,66.19345452135867
2884,67.3694343483767
2885,64.02700570388457
2886,63.36476591836154
2887,62.045271456231625
2888,66.95200421987865
2889,65.10866128449771
2890,62.617305713170644
2891,64.55143434981682
2892,64.14770958944605
2893,62.87761842581336
2894,60.88332764700732
2895,62.89512862373192
2896,65.87956920478075
2897,66.4459952042859
2898,65.20524028111399
2899,65.20101907357159
2900,67.15161677479973
2901,64.00830881120704
2902,65.31833103505508
2903,63.947453298111874
2904,65.68637072401292
2905,68.3319035332925
2906,68.3484518080753
2907,64.33637750588318
2908,68.34051649975943
2909,66.8485881782517
2910,63.68207026369096
2911,66.67041092595451
2912,62.64516546126067
2913,64.6539677160146
2914,67.28832581400589
2915,61.93967939802677
2916,62.2338078721402
2917,62.721423166812
2918,67.94386050834898
2919,65.86853030452595
2920,66.66418495630225
2921,64.85444223956141
2922,63.17123797247083
2923,61.15660244745058
2924,65.88081435753747
2925,66.79099628400948
2926,65.88053132670682
2927,66.39184169228444
2928,68.69534572881706
2929,64.60965778840003
2930,65.1682791614316
2931,66.30601971779515
2932,64.81802188175739
2933,63.52255688418607
2934,65.42179426282463
2935,63.999821281614416
2936,64.87974430858043
2937,66.25611337993129
2938,59.854474451069485
2939,65.07283844993465
2940,61.94372869074465
2941,66.28475435297067
2942,64.51665519512765
2943,63.65386262429719
2944,66.02265825962255
2945,63.046188502777696
2946,63.619701122764525
2947,64.84085478047022
2948,63.57493113804161
2949,65.49960756364139
2950,63.693027064460836
2951,63.218664655530155
2952,62.581525581523366
2953,67.11435375795574
2954,62.34338342272919
2955,63.03506080946902
2956,65.75932974039607
2957,67.61976194321763
2958,67.33527250194483
2959,68.15449000857944
2960,62.90296291528047
2961,63.28652258588241
2962,64.14877353528775
2963,67.01930667223924
2964,65.56411167165432
2965,63.88954003542704
2966,65.70057528825063
2967,62.73903923889823
2968,64.17705686397775
2969,63.86329215115315
2970,62.545691980388696
2971,67.73062960270838
2972,63.85938555600133
2973,60.40078949575024
2974,63.49956736715573
2975,63.725235799298055
2976,64.44077568390088
2977,64.14223598102193
2978,64.51069326137245
2979,63.723033571307006
2980,65.3084264271662
2981,64.45250214042534
2982,65.58095309262809
2983,63.6679191794885
2984,63.3687333112139
2985,63.1728897509795
2986,63.74088516064146
2987,65.16742498613971
2988,66.65522038662091
2989,66.46929224632737
2990,63.46489565213327
2991,67.53118233172574
2992,66.19356917315764
2993,67.19385676632494
2994,62.53989998774056
2995,62.93331763334408
2996,58.99693141585886
2997,61.66904043044503
2998,66.50347365165744
2999,64.07842491089421
3000,64.29380223319711
3001,65.40703146629217
3002,63.31345371093968
3003,61.960933488650895
3004,62.86375228657873
3005,64.52800688987358
3006,63.33805441118415
3007,63.643040955403684
3008,64.1565783813868
3009,65.8737893527271
3010,60.61079841980979
3011,60.72737507907602
3012,60.851544480924005
3013,63.46578768068847
3014,68.54915312387818
3015,64.0457158724499
3016,64.1519886051102
3017,64.263075781936
3018,63.03241102295182
3019,66.01200937958252
3020,66.40054702433874
3021,67.06729777120202
3022,66.66763520719965
3023,63.79820418215499
3024,65.51303668187673
3025,64.89415924858085
3026,61.46521193900926
3027,65.53251831633382
3028,64.23617154529892
3029,64.42252115667151
3030,62.86358949208287
3031,65.38920010945591
3032,65.53436763506524
3033,65.47700938026676
3034,63.47977146936512
3035,61.63668524776245
3036,65.13920119936742
3037,63.93762684283175
3038,64.68993894617054
3039,65.62364525600749
3040,63.24833320179784
3041,62.48425276786427
3042,61.35708163820415
3043,64.89641011317352
3044,62.366173795070154
3045,63.93754241041845
3046,63.12379385471301
3047,62.6324976551469
3048,61.98870559375367
3049,64.58499681900885
3050,66.88716368576642
3051,66.55572056139425
3052,66.34277552131248
3053,66.9679781517994
3054,63.18148364507422
3055,64.73491047944856
3056,66.4500599973927
3057,66.82131604527598
3058,67.0096201357611
3059,66.18281206553092
3060,61.69115448869196
3061,63.87775726189877
3062,66.82897453753228
3063,63.64339515556729
3064,66.2931976224545
3065,65.57931907565538
3066,66.3361268001526
3067,64.68184711221232
3068,68.46954277307395
3069,69.08558207514713
3070,68.90795938348944
3071,63.43822865318732
3072,65.36945859916274
3073,62.31386917916811
3074,65.62928390182626
3075,64.98556702638491
3076,61.41194784265616
3077,68.28701509836003
3078,63.9373645352377
3079,65.71739805122756
3080,67.2995006052575
3081,66.17704721971063
3082,64.74284360667981
3083,61.23935746083315
3084,67.8405759828722
3085,67.4715766898279
3086,65.57106204064742
3087,65.19309810474813
3088,62.66653515893761
3089,63.9210436394032
3090,60.71293197032694
3091,63.620149355636926
3092,63.13725065422589
3093,65.92590696295694
3094,67.32219708604765
3095,67.07385368870332
3096,65.65032633948438
3097,65.39628205952296
3098,63.26499529340781
3099,64.05317424285938
3100,61.179535672357495
3101,64.7747153516629
3102,65.97952046597005
3103,68.19182752974005
3104,65.0256742129263
3105,63.09274418236643
3106,65.68590446131924
3107,64.72089345150926
3108,63.75899002290908
3109,66.2826469975914
3110,63.8612568565817
3111,64.88281841980319
3112,64.7800177736
3113,64.70833531767151
3114,65.08469140268984
3115,64.35909170479178
3116,61.41699827167228
3117,64.83416123703235
3118,62.88617398656532
3119,65.81598445925509
3120,64.32556364875597
3121,65.05151485053933
3122,64.71740767989719
3123,65.58445065264368
3124,68.04751819772622
3125,61.900315448223914
3126,62.864928944699166
3127,64.00652737494975
3128,64.85672648738733
3129,64.91841810042271
3130,66.51087974286996
3131,61.644209760564735
3132,64.82019913769841
3133,66.74003057028456
3134,66.74235964650234
3135,63.938490467906206
3136,63.54358584596652
3137,61.18571945944859
3138,66.32621013382253
3139,65.91937108098706
3140,64.61513355952629
3141,64.19419404841538
3142,63.01408890668758
3143,61.61447152663699
3144,65.24049871830928
3145,65.53015587812119
3146,65.36911535525284
3147,64.04980085761909
3148,65.29424977932038
3149,64.4723564033853
3150,66.22529001531359
3151,65.30235693955798
3152,60.93766078507923
3153,66.23586278309524
3154,63.78176972588904
3155,63.99737099794742
3156,64.98114656467055
3157,62.40208392431282
3158,64.92080737812988
3159,64.23637348418553
3160,64.74538527276684
3161,59.71690654132776
3162,61.230622539053016
3163,64.35815520449798
3164,65.40302318844435
3165,62.970812728822864
3166,63.44572634277335
3167,60.1990756150709
3168,61.277701873673806
3169,62.68496671559263
3170,65.02659358432489
3171,65.87949533580566
3172,63.433712385721606
3173,63.52981517332564
3174,65.2959450323279
3175,61.919432256757354
3176,62.723730615727256
3177,66.37311664675282
3178,62.13510939858119
3179,64.25854372759713
3180,61.5897060443156
3181,67.4880168288402
3182,66.39997067092527
3183,64.87633840940667
3184,67.21114749766551
3185,63.51294645185762
3186,67.32779425224872
3187,63.24597271488103
3188,65.69320188576164
3189,60.850376960644155
3190,62.94720365480248
3191,67.32968013543804
3192,65.67974012981878
3193,65.34448508744175
3194,63.11013515484031
3195,63.99996926462211
3196,66.36715416947577
3197,63.603392034314055
3198,64.19942845291187
3199,63.44156998046425
3200,64.49302015343568
3201,65.28091425071155
3202,61.69712843830596
3203,66.26590090307468
3204,66.87417971971136
3205,63.638809188297024
3206,63.33809308822591
3207,67.22587224396764
3208,61.05129870746436
3209,65.24210093495721
3210,63.70117517356631
3211,63.22550151236366
3212,65.43329699395943
3213,65.07701955237033
3214,66.17638449486267
3215,62.575690448982684
3216,61.08701287407345
3217,61.03541469699462
3218,63.470692798500494
3219,65.05162534698174
3220,63.97995015111639
3221,63.83912908249383
3222,63.10702520934776
3223,60.150499315130205
3224,62.690641383917175
3225,62.539762262482895
3226,63.8067927379308
3227,60.58822799302515
3228,65.47543732845251
3229,65.54253646113598
3230,67.10393690469921
3231,64.36750646531767
3232,65.7839410751913
3233,64.44331420323772
3234,62.69465485958025
3235,64.31170151845137
3236,63.77184072848908
3237,66.54561138514396
3238,63.70829229921996
3239,65.8994860908843
3240,62.357528770569104
3241,66.42432114068767
3242,65.29360714693595
3243,63.57493643209639
3244,61.974088403804316
3245,64.09555104536479
3246,62.3712047257539
3247,68.77840427865304
3248,67.07623164774503
3249,62.19368469158318
3250,63.68093980837521
3251,61.1533229940264
3252,66.04160263339514
3253,66.66463546315339
3254,64.77259620854002
3255,61.518980834822905
3256,63.98730586335048
3257,66.51554530502615
3258,66.09755918063792
3259,65.2049882045789
3260,64.94885332300247
3261,63.26103518711308
3262,63.24091997241793
3263,65.14994720611024
3264,61.707776912132104
3265,66.1296734264102
3266,62.11169023971838
3267,67.83889815815115
3268,64.74083425521364
3269,64.8284615444055
3270,65.47599725967571
3271,65.49278546923088
3272,63.80830585659549
3273,64.49089730550867
3274,60.58899327529218
3275,63.52206039027145
3276,67.2906647588542
3277,63.182071163307164
3278,63.86864275521064
3279,65.65339604827285
3280,65.26672845128728
3281,64.06832149702095
3282,63.98601197481605
3283,62.668586277601975
3284,63.958139785479595
3285,66.0599786257547
3286,64.52106069636031
3287,65.59090983297195
3288,64.89603361798679
3289,64.33816469541644
3290,64.25817423183582
3291,62.472563806626454
3292,64.13717325427784
3293,64.29542815010703
3294,64.23199804558138
3295,64.07182327650202
3296,64.79839338249985
3297,65.75137008543008
3298,64.38986508408136
3299,63.653776977117644
3300,65.73070552203002
3301,66.63816092774167
3302,67.29629147225334
3303,66.68708150936756
3304,63.64516124622602
3305,67.48433765899158
3306,65.88244839003087
3307,62.38209605578938
3308,65.176419103019
3309,65.07886440328608
3310,63.111755061633254
3311,64.71703517070091
3312,63.72932080258131
3313,63.45725649630764
3314,65.93870516759168
3315,65.63890760413433
3316,63.746077161290074
3317,66.77519814396493
3318,65.88295497497434
3319,63.897120294597386
3320,63.46607060875571
3321,66.00495169380977
3322,61.65755878575881
3323,65.86810719970856
3324,64.4855515283493
3325,66.1278384898612
3326,66.3684237121052
3327,65.30039871230179
3328,64.02562411093987
3329,65.99522629429501
3330,63.64312930258813
3331,65.77586579284939
3332,61.491220223369695
3333,64.70449328810423
3334,63.45113995276729
3335,62.81338952684574
3336,64.04811470450291
3337,64.5831982510718
3338,62.980269413300874
3339,62.962653995848285
3340,64.87200323260875
3341,65.76103619912693
3342,65.63643635537319
3343,62.82640491982623
3344,68.52096201909092
3345,62.63126123341953
3346,63.08278177725715
3347,64.32408888289042
3348,62.05322253051781
3349,65.66504365621657
3350,64.69128774005962
3351,59.456973600715564
3352,62.16964584334496
3353,62.51781876963577
3354,65.2272780892516
3355,67.58606066239494
3356,66.53627524693377
3357,69.2999053249935
3358,64.71339322523677
3359,67.04728319250754
3360,66.50670945588675
3361,65.81951772632446
3362,64.62807890236296
3363,64.62109658481602
3364,70.95513897463039
3365,68.57917207744545
3366,63.699369425466095
3367,66.24182469214009
3368,65.27448911885132
3369,65.78038512508031
3370,67.10439657809152
3371,62.94362346141416
3372,64.63491715559233
3373,63.85671077070702
3374,65.61861292395001
3375,67.29665282986319
3376,67.0564840353776
3377,67.99228613383042
3378,68.25927560265704
3379,66.29951643680207
3380,65.63982643470945
3381,67.06166818851143
3382,66.54112417058738
3383,65.50004710641655
3384,65.24597869283144
3385,66.74402111718601
3386,64.85352319219224
3387,63.093351247563646
3388,67.08240026048749
3389,64.93765194330524
3390,62.862384036954516
3391,63.74798759329356
3392,63.58695268599673
3393,64.65867980277048
3394,65.43288567559968
3395,64.06242228693935
3396,64.01969826390221
3397,64.14082909195993
3398,62.61775087506035
3399,65.09002840741825
3400,66.00296112656684
3401,64.18134265525691
3402,63.47512812434339
3403,65.43127023783691
3404,63.80854951024463
3405,62.64414632428615
3406,63.00232227394448
3407,60.61704520103856
3408,64.69765971064614
3409,64.18581682345805
3410,60.0665573950657
3411,65.6110208331502
3412,63.30368792384849
3413,66.97493348787714
3414,62.20356544064899
3415,64.87004796303039
3416,60.837586702286245
3417,65.03673624340513
3418,60.546807336056766
3419,59.84400358273152
3420,61.448311073274574
3421,62.55838228014651
3422,64.86804561315411
3423,64.28011152604554
3424,66.56994284031708
3425,66.89738362449002
3426,65.49953976961422
3427,65.1445006170134
3428,63.429402334159114
3429,64.84414429452471
3430,66.42226644833099
3431,63.54533025379854
3432,66.63358953490938
3433,65.17856201287438
3434,64.27324802872515
3435,63.302191203317925
3436,64.82604652019458
3437,64.78727813590872
3438,64.86112858577093
3439,66.46389816894286
3440,66.23585899849594
3441,64.60760607833991
3442,65.74941843070097
3443,64.74141574810962
3444,66.86348191157683
3445,62.929821430879116
3446,61.702589526366516
3447,60.64077935774939
3448,62.81529902634902
3449,59.95978825328645
3450,62.064986260729
3451,62.69490296319083
3452,61.90510768392708
3453,62.08783110521917
3454,65.2692528725122
3455,63.10157771985393
3456,66.86209840979765
3457,62.22546340078664
3458,65.80492795820273
3459,61.416264376390444
3460,63.23797910670581
3461,64.35466429621289
3462,63.396527115636815
3463,62.16075463707887
3464,62.89986481055173
3465,65.58303902295994
3466,63.41237469015085
3467,66.29473608069998
3468,63.73931051345796
3469,61.09291979958438
3470,64.26972829601317
3471,65.9750446813093
3472,61.950430248749676
3473,65.44674253383971
3474,64.90714085762816
3475,65.00687254186447
3476,63.182353009211994
3477,66.53040871522722
3478,65.17835600220556
3479,61.456353841493055
3480,64.57578844176895
3481,60.70546852384915
3482,62.797883028505964
3483,63.25767729993307
3484,63.4842853942722
3485,64.46303680755474
3486,61.606517808140914
3487,62.60523737790129
3488,62.604964640488355
3489,62.83342825665761
3490,65.22133908811468
3491,65.28670105162185
3492,63.44069286408981
3493,64.82368463292774
3494,64.76371072464549
3495,63.891892752542674
3496,64.10731301455971
3497,67.93742657540355
3498,61.816107186087216
3499,61.63856651323185
3500,64.34272342580677
3501,62.79701309179915
3502,60.89669484361343
3503,63.26406699776564
3504,62.45939233484642
3505,63.38112794163984
3506,62.17606457241412
3507,67.42672412114315
3508,65.7124837993914
3509,65.45943960013227
3510,60.417125364078785
3511,61.33528484877821
3512,64.5243161341565
3513,65.51873232907442
3514,64.40600149625979
3515,64.38836938661004
3516,64.39784518973114
3517,65.10780634543859
3518,63.66860697593624
3519,66.3804839634357
3520,66.35585511109284
3521,65.00913906874806
3522,62.21488836841682
3523,65.45100403998782
3524,60.945371627852765
3525,66.14680510804878
3526,60.00979758222929
3527,65.09582117556094
3528,64.87875451778864
3529,62.51986643413421
3530,62.9585321171386
3531,65.92873995643086
3532,59.59446901452301
3533,65.02544847505561
3534,61.23385080568882
3535,65.075200008227
3536,63.64598482570938
3537,62.423409341793835
3538,65.22369406514444
3539,63.70229517307509
3540,63.36500491975094
3541,61.92862573970994
3542,66.4381387251928
3543,64.20364406261405
3544,63.66246686745969
3545,63.86928200313812
3546,65.97176721731451
3547,66.68483366151827
3548,66.83053359286805
3549,63.64248816478839
3550,64.56758251192366
3551,64.63208030355462
3552,66.97362837326641
3553,61.878511666846016
3554,65.13046379949598
3555,63.887818360343225
3556,59.67421830028278
3557,62.84730606320281
3558,65.68044560552022
3559,62.40822162566831
3560,64.00692401855827
3561,63.84030694380917
3562,68.12118197098175
3563,63.61052312587811
3564,62.859228984434225
3565,63.3847407534243
3566,62.139495980547935
3567,64.71381666815691
3568,60.687103428249415
3569,65.94957061553274
3570,63.471261384724414
3571,62.268708321121004
3572,62.93933621425979
3573,63.36780524311995
3574,64.24112345603506
3575,62.10082972007555
3576,62.96427435596759
3577,63.00398908529237
3578,65.82707836303737
3579,64.31444958079766
3580,61.80303946540974
3581,65.94346861281625
3582,63.86427255089277
3583,62.87860951001947
3584,65.52914983034228
3585,64.1202621481914
3586,65.49916444162992
3587,60.9005494874551
3588,61.72880282549458
3589,66.95400995756583
3590,62.4250637627851
3591,63.363948761235555
3592,63.36001269984971
3593,62.69754141446071
3594,61.04601778157205
3595,63.942931762035336
3596,64.80537781717759
3597,63.61988343548743
3598,63.52764227281369
3599,60.23347227843662
3600,64.60939070430727
3601,64.42272417125527
3602,62.45015061785206
3603,64.94693885750458
3604,61.73833901011242
3605,63.890930186055094
3606,62.70763587365934
3607,63.28692441353766
3608,63.861500862723155
3609,63.77473405833856
3610,59.16289998995698
3611,61.23052646589209
3612,63.41470631099855
3613,62.41463408204881
3614,62.85939208895483
3615,69.06968781900264
3616,66.92771929488634
3617,64.16137494921405
3618,60.92609736211024
3619,63.70195527595831
3620,64.35555457241044
3621,61.64931952073015
3622,61.71990289595706
3623,64.85033330472427
3624,64.743501676157
3625,62.66727412121515
3626,65.12053703447705
3627,62.70945657185625
3628,65.674551127372
3629,65.18228001645271
3630,63.845968260754674
3631,67.78195118187536
3632,67.37094392633442
3633,68.0528099469879
3634,63.590640854974254
3635,64.31968142153124
3636,65.6732839304997
3637,63.42199407826619
3638,64.86774705222807
3639,63.771825260187356
3640,62.680064214507
3641,69.62280774802072
3642,63.517783850290996
3643,61.75452125775251
3644,63.89131896109746
3645,66.60940808558692
3646,63.95278340302191
3647,63.457418661349834
3648,64.78171465105989
3649,64.32446525099236
3650,61.50498407218563
3651,65.29848983583463
3652,67.25664909658568
3653,63.92995474021363
3654,62.87045539385834
3655,66.80450418428067
3656,62.106199056045504
3657,61.5338507447133
3658,62.71807595824504
3659,67.08419355858312
3660,63.4393314785588
3661,63.27027374070932
3662,64.6861510662658
3663,66.1071686559677
3664,66.71352922382528
3665,63.94889368013549
3666,66.58905231184184
3667,63.633898548202424
3668,60.37473762035106
3669,63.96254419163543
3670,63.85093988307385
3671,67.18798987625854
3672,64.05171975108233
3673,61.26026032922477
3674,64.49096227351573
3675,66.13211440260082
3676,65.23762413771198
3677,64.51543297184907
3678,66.81446479820838
3679,65.32916515868476
3680,65.61085950497244
3681,63.572470369119436
3682,65.4200972607657
3683,63.53220400166054
3684,67.85619882738824
3685,65.37937921575833
3686,65.32949486135608
3687,66.16676053178345
3688,65.2083914612955
3689,64.09625812073062
3690,66.94992283178492
3691,64.81860426617394
3692,66.28422484665023
3693,66.5224658379743
3694,62.913900524123235
3695,62.606273472738586
3696,62.90931701360562
3697,61.60302345505457
3698,66.41918166264901
3699,67.29232853548919
3700,64.79944494397893
3701,68.46933706459515
3702,69.40847433062471
3703,66.4479259499202
3704,64.81378523537678
3705,65.5402024283044
3706,65.82763951811508
3707,65.75079844144295
3708,66.55108697812365
3709,64.68469330987087
3710,66.26253617394528
3711,65.99423672130334
3712,67.08334111414243
3713,66.15031823890212
3714,64.50642155762598
3715,68.94107842155111
3716,66.64962426994347
3717,68.25874100116204
3718,70.50921065807468
3719,64.82578822258785
3720,66.95290056664614
3721,66.33280476862555
3722,67.07679771162299
3723,69.76001233182346
3724,64.89580149051532
3725,63.27461731907102
3726,65.4734433747221
3727,62.92020005761779
3728,63.27563018643319
3729,63.44922603706326
3730,63.95367364490706
3731,65.62153687450703
3732,67.24137121267003
3733,66.54915126009057
3734,65.83438941268001
3735,65.128586391697
3736,63.53031739377484
3737,64.73833955860948
3738,65.87533778375783
3739,64.84701737080981
3740,65.45815558521699
3741,68.38456722138586
3742,64.99946820955938
3743,63.82123788025379
3744,66.80411554072134
3745,63.556107471326705
3746,64.94758863728819
3747,65.02885287107897
3748,68.15512226185946
3749,62.93511978355648
3750,66.81604499080777
3751,66.47110425397425
3752,66.26919199565766
3753,66.67597627298196
3754,65.77649906140957
3755,68.77207223087176
3756,66.1884678191761
3757,68.19167698234475
3758,65.66339101503688
3759,65.82860763755187
3760,68.10953639643125
3761,65.71703453730808
3762,67.58865286244466
3763,64.48323043426595
3764,62.83934713802148
3765,69.1644604669847
3766,66.51137533483548
3767,68.87864953296466
3768,67.99619437951883
3769,65.55205191645159
3770,67.41142165691686
3771,60.418712472739564
3772,65.86943230335429
3773,65.83574337611076
3774,67.85551037466743
3775,64.55615993096652
3776,64.98683545216018
3777,64.0724270896544
3778,64.5596923202105
3779,63.834046482287874
3780,66.70109982031433
3781,65.27896401139036
3782,67.45478967221152
3783,67.59526269479437
3784,64.58685350838591
3785,64.07035080602071
3786,64.06168524180504
3787,68.88487618334084
3788,67.04046230165338
3789,63.34347966436405
3790,63.42846875452995
3791,67.67663079379886
3792,66.16728769322111
3793,63.29018433083829
3794,63.98796816708717
3795,64.93666969254203
3796,64.47685261619868
3797,66.07425939763156
3798,66.84835581525941
3799,66.28293160397945
3800,66.79653291644685
3801,66.69854626010562
3802,64.97015965215573
3803,66.01751520226513
3804,66.58684390941139
3805,67.49615197369562
3806,65.3726066004412
3807,64.79772311246163
3808,65.10899159173108
3809,64.30896549361636
3810,65.22629114465316
3811,66.18776340434721
3812,66.39610110503867
3813,68.47408517107156
3814,71.06544132016047
3815,67.21796275056926
3816,64.64564881621848
3817,68.15853193644921
3818,66.17282972065016
3819,65.61487613655697
3820,66.40381138449844
3821,65.38428878998408
3822,68.75262646534159
3823,66.18765377712673
3824,66.19139732378716
3825,64.81201844779724
3826,64.45463403948517
3827,64.03599257222332
3828,65.65498218154687
3829,62.13938443061151
3830,67.78696002656095
3831,69.1083594156094
3832,64.27651514301586
3833,64.6448719353904
3834,65.61947662291358
3835,64.90298468918951
3836,68.35439583423165
3837,65.68688640376872
3838,64.6596256115443
3839,64.80286037714987
3840,67.41235137501933
3841,64.76343465686861
3842,63.49800065241859
3843,64.26351541827512
3844,63.39113179027807
3845,65.50730320225979
3846,65.61011949147083
3847,65.21311465469788
3848,62.94958655101139
3849,66.45696712353036
3850,68.59931636417865
3851,70.33034653541466
3852,64.7029063375103
3853,66.22190027393208
3854,68.14777077926762
3855,65.69904165354724
3856,65.58019113508243
3857,65.3609861461735
3858,62.85488474109834
3859,62.67792494161144
3860,63.08551950035067
3861,64.1315783769233
3862,63.345641503456
3863,67.5935675842124
3864,68.47375329366541
3865,63.328491513355914
3866,63.3351901454435
3867,66.99049174571182
3868,62.638809971481834
3869,63.79990560956911
3870,63.05534545064765
3871,65.68493642567985
3872,65.27122801728787
3873,65.84417110239471
3874,64.74796538608729
3875,68.01519690139123
3876,63.11635090527806
3877,65.39499500995359
3878,64.66560326071469
3879,65.06431805598999
3880,64.8414495251262
3881,64.97134351823962
3882,64.83554966084326
3883,68.40432881700593
3884,65.30276947010486
3885,66.71447108678433
3886,66.83635501854273
3887,64.49518663468358
3888,64.75818877136024
3889,67.36404459829748
3890,63.04761124018692
3891,66.38967477590049
3892,64.45350149640272
3893,66.25188537422991
3894,63.433357486131435
3895,67.64254268248747
3896,65.84088864977305
3897,64.81233262122302
3898,66.68796681964011
3899,66.98437951751423
3900,66.54828687302994
3901,60.95077933691184
3902,67.44166938510001
3903,67.18363915949604
3904,67.11263148966205
3905,67.33191544162882
3906,67.96967309550406
3907,70.04367361262972
3908,63.19554641915829
3909,67.83735715083931
3910,65.16963836177497
3911,67.73133637567115
3912,62.1479819397546
3913,65.76605419621188
3914,64.63834738635235
3915,66.2795843962573
3916,66.89686840251748
3917,64.25233815373733
3918,67.89150336579682
3919,65.08516120775064
3920,67.51241280944193
3921,68.91555594814812
3922,64.94417790989327
3923,64.40547044642192
3924,65.29267918660412
3925,66.47628120245498
3926,64.05104442568151
3927,63.999923932912125
3928,65.04961560585396
3929,65.82467614527954
3930,67.36066082469354
3931,66.75196448153336
3932,66.08533193948908
3933,64.71560215100062
3934,64.9783124960315
3935,61.91171436967851
3936,67.3689855100799
3937,66.73103907669945
3938,66.71631821433407
3939,66.93728229458003
3940,63.70563794028507
3941,62.23621106444056
3942,62.63539434303578
3943,61.387483645716465
3944,64.01523685485306
3945,65.58548571487776
3946,65.4439403178056
3947,63.00856515264527
3948,63.87483533836868
3949,61.799158594468174
3950,59.69568282380536
3951,65.42806512430388
3952,63.54584083974325
3953,65.54516856747098
3954,65.537894952736
3955,61.76495135632356
3956,64.78223925443649
3957,62.64969585843359
3958,63.86600158786289
3959,62.772840871978765
3960,63.124254416606426
3961,65.66737869297847
3962,65.64142567982482
3963,64.38393326779382
3964,63.3669043480978
3965,65.254643037826
3966,66.37810180452024
3967,63.98235952685033
3968,63.11547623297205
3969,62.52754646789862
3970,63.92366006338358
3971,59.82290529774208
3972,61.50306066248038
3973,64.82402809339217
3974,63.627914260606694
3975,64.45967904528015
3976,61.09868549144088
3977,61.80224262878487
3978,65.97292689438635
3979,61.05058745668413
3980,63.8530329237044
3981,63.08391652897374
3982,62.5294319609708
3983,61.7444072697177
3984,64.17931820195533
3985,63.67435021036713
3986,62.83339130420725
3987,63.588273700571634
3988,65.82825632318718
3989,61.84151632225012
3990,62.98655599065686
3991,63.1137672147361
3992,66.3155874739303
3993,65.43125907916354
3994,65.20173892359385
3995,61.197425883916395
3996,60.27341853394711
3997,63.2401024504351
3998,63.15251093934813
3999,61.110483312887006
4000,60.834248068108025
4001,61.80645776738394
4002,61.84885223924177
4003,64.27478689778826
4004,62.676456874414626
4005,63.220778435550876
4006,60.20991924621038
4007,61.658525936918814
4008,61.69644707040105
4009,63.35474079728376
4010,63.05931651511449
4011,60.00546137309893
4012,64.65531949545368
4013,62.0571818488853
4014,64.18473773126159
4015,61.97826315909009
4016,63.62379066507451
4017,62.67549576986119
4018,60.79568079369521
4019,59.000275283028124
4020,61.28687074108138
4021,63.41093377047456
4022,66.0388090945649
4023,65.13051405949922
4024,64.25846687162182
4025,66.26892591626242
4026,65.88525086558002
4027,65.04836093909881
4028,65.1020755487825
4029,62.3798687874428
4030,63.73805115054928
4031,67.18534795397962
4032,63.784847058673435
4033,62.97968492552058
4034,64.82477665256775
4035,66.35143363048965
4036,64.40951419262569
4037,64.31661616522159
4038,62.79069897794937
4039,65.502084257176
4040,65.7238032531384
4041,65.50840730270285
4042,64.92392619534799
4043,62.29314636558694
4044,63.9139921172295
4045,62.68195080443219
4046,65.5491850424051
4047,62.8584747498202
4048,61.57592466274034
4049,63.759564686863285
4050,64.20989083099707
4051,60.90150024708563
4052,60.72464234471317
4053,61.74577938705214
4054,63.750485632448935
4055,62.790117916074344
4056,65.30560609487894
4057,63.267466833565734
4058,61.646914940973126
4059,62.416849200046926
4060,64.43962618464015
4061,63.90749151366022
4062,63.15639439975466
4063,60.55122681347441
4064,63.98228347633311
4065,63.047125900838125
4066,63.975815054981645
4067,65.83152941167788
4068,62.98213799004215
4069,62.504566028331034
4070,64.96938807437154
4071,61.93492185960977
4072,63.65676269788386
4073,62.82768136904264
4074,58.92417813686242
4075,63.85446819595841
4076,58.76577602216324
4077,65.34227899149165
4078,63.71851023808392
4079,64.07471686695007
4080,63.84926133649086
4081,64.85796835204115
4082,64.19963583628581
4083,62.44357999522976
4084,61.92760735135553
4085,63.73942540419043
4086,67.62232077923642
4087,62.87717905258131
4088,65.32676721910724
4089,63.16521505380107
4090,63.87606304024964
4091,63.62821187740297
4092,64.43960644462199
4093,60.70895244775998
4094,65.5285164385883
4095,64.20144955853277
4096,68.22474129363297
4097,63.85454048808119
4098,65.03217429545424
4099,63.101184194739076
4100,64.44520828179105
4101,61.2064830898018
4102,64.30621671643367
4103,63.7878748976156
4104,64.24914195652765
4105,62.130234955712474
4106,61.32438656037614
4107,62.34319778299964
4108,63.35197946092592
4109,63.954618097136326
4110,61.147511229033604
4111,64.49996656857114
4112,62.88349217715046
4113,63.091696295865354
4114,67.04907785727607
4115,62.92958296388715
4116,63.06409554367094
4117,62.88521836234974
4118,61.45107893567537
4119,64.64643494670655
4120,65.42849098635051
4121,63.983507306798
4122,64.91208921097099
4123,65.24294366868962
4124,63.561886824180476
4125,63.104744731679986
4126,63.73921289453782
4127,62.79660204846175
4128,62.86870733789669
4129,64.5972496848396
4130,64.37066107446736
4131,64.0686008485289
4132,62.073289160675856
4133,62.87181798560472
4134,62.45277789200445
4135,64.2562990447333
4136,66.00383939362663
4137,64.96491667939267
4138,62.969383904398306
4139,62.5171623058319
4140,63.830164959017445
4141,64.03552592573688
4142,66.2673450538426
4143,65.73308197118365
4144,62.01811964669774
4145,64.14263901155788
4146,61.718888684587284
4147,63.092853676666145
4148,62.795575078108776
4149,64.97556805509504
4150,60.75435751657462
4151,61.13168493138685
4152,61.63084118202994
4153,64.45858777783774
4154,63.083182474144905
4155,62.956794815775496
4156,61.241830829107165
4157,66.86526875687144
4158,61.11833373172363
4159,63.70824801351591
4160,61.460729453618725
4161,63.02917055771137
4162,64.93978241790607
4163,64.1345679409243
4164,60.07511457668022
4165,66.91000138337202
4166,63.70122320970975
4167,61.22783252800616
4168,61.563721359076574
4169,60.56945449530342
4170,63.542207654459546
4171,63.00142161201408
4172,60.88902547240749
4173,65.37307230006142
4174,64.30162629385042
4175,64.23836216766722
4176,62.54467172433392
4177,63.74121492250773
4178,66.41762375193068
4179,64.81480674511111
4180,65.24455617391247
4181,63.343153626238205
4182,63.51428871317674
4183,64.81227171507156
4184,64.53060509852223
4185,65.22910604721532
4186,63.224027239129654
4187,61.23671668128327
4188,61.26818551540215
4189,63.075952750506154
4190,65.09470983251059
4191,64.97527167607882
4192,60.59809690815597
4193,62.3691150670403
4194,64.20555556552392
4195,64.7623862918024
4196,63.330663489621195
4197,59.932441693785236
4198,62.87042015079626
4199,61.053097696737886
4200,63.19873909589168
4201,62.88152789888876
4202,62.78063415610849
4203,60.47469826879012
4204,62.46826167354962
4205,63.148669475923654
4206,64.47418463043296
4207,61.400661060769856
4208,65.57077670411236
4209,63.71793663146683
4210,60.19107697250719
4211,64.86041861135134
4212,66.76384784883464
4213,62.473411298089914
4214,65.27006175686431
4215,64.61759241612347
4216,63.7613798346905
4217,65.85485756630538
4218,61.51402841812349
4219,64.85559194820621
4220,63.55156078102886
4221,61.09119208098895
4222,61.539428234333805
4223,62.06010611175362
4224,63.41692827189492
4225,62.303229537145896
4226,64.84978322820345
4227,63.48011627378162
4228,63.3617287127035
4229,64.7990352815641
4230,63.57663318978046
4231,63.55706335470808
4232,65.55837481077398
4233,64.53546683144252
4234,61.14313271238019
4235,62.09709305639598
4236,64.81674890494769
4237,63.97691094024301
4238,63.90415955231635
4239,62.3817537854417
4240,63.710092329627116
4241,61.22258487906615
4242,61.90334793403062
4243,63.27825755218729
4244,63.94626649297928
4245,65.03449599461233
4246,65.58574605090142
4247,64.1673481054429
4248,66.72083932038443
4249,63.87512989180194
4250,64.35598168207687
4251,63.154416483229014
4252,62.57830126704705
4253,61.33924591372693
4254,64.39165862333961
4255,65.55225675714172
4256,63.19445616971937
4257,64.58863653213211
4258,63.559131978662606
4259,65.41252177641343
4260,65.85157301445182
4261,66.82470406607511
4262,65.68820850652172
4263,63.9990108944946
4264,64.11443881096721
4265,61.78754714808801
4266,64.66220257453843
4267,65.03338484585196
4268,60.40888183816123
4269,63.748511768779125
4270,65.47771421870745
4271,61.78396661179396
4272,64.48701784280287
4273,66.57593445237708
4274,65.45829852125665
4275,64.58014541656034
4276,62.53438596374342
4277,65.03503803958877
4278,62.856129181775515
4279,65.4327198394638
4280,65.80751746034049
4281,64.6239110460692
4282,64.724224554916
4283,64.39450036072851
4284,65.24142010945519
4285,64.64315088706635
4286,63.82125074380696
4287,63.39519644852539
4288,62.03027413030556
4289,64.60037477301469
4290,63.48451407770213
4291,62.44663514211593
4292,64.877274942755
4293,64.49445964578356
4294,63.089925410346986
4295,62.990640159265695
4296,63.862374129985554
4297,63.09577317836724
4298,65.2767822070385
4299,60.749179403577116
4300,61.42320759066545
4301,65.96379330864039
4302,64.72555923452214
4303,62.248699100313814
4304,63.37928058206303
4305,63.10349890593434
4306,63.497651160790454
4307,64.03944838662723
4308,63.42236571017651
4309,63.30569433344996
4310,62.049476170911234
4311,62.818067842956914
4312,60.80233200510926
4313,62.32309518932077
4314,65.80289617739783
4315,65.98630901096647
4316,66.11153482709504
4317,60.487029423595025
4318,62.60918775573199
4319,62.55173418891454
4320,60.56383252543327
4321,62.14570663596275
4322,62.571409265355534
4323,60.763051068256324
4324,65.03251773790721
4325,64.55735216603085
4326,59.89796122147014
4327,65.84761010030162
4328,63.396198759655924
4329,62.34634558063548
4330,65.29196382786868
4331,65.02502020333769
4332,62.075036923768124
4333,62.72227807464321
4334,63.383054516640115
4335,60.833379467891874
4336,61.95839820500674
4337,63.91037868836054
4338,65.5925463961411
4339,61.30294208253469
4340,65.81633836311485
4341,62.5523743494544
4342,60.985741920215425
4343,64.08554465506342
4344,65.66895115463792
4345,62.547167943375364
4346,64.3868953437372
4347,66.65223265963421
4348,61.97720644129547
4349,63.56856593416438
4350,63.979447612135
4351,66.29846082982557
4352,65.15501951953718
4353,62.641785003854984
4354,66.47525096470028
4355,65.57220597775718
4356,66.51473915895849
4357,64.66500909107964
4358,64.54586534663058
4359,62.10090148985584
4360,62.77766734487577
4361,65.404101523139
4362,62.97057306552222
4363,62.46274696962285
4364,64.79842659884163
4365,65.89429356962788
4366,66.2890409003768
4367,65.27746189851587
4368,65.16209513047899
4369,63.92969714230027
4370,65.13075772338264
4371,65.78208137435992
4372,63.38497237697198
4373,63.46574858960645
4374,65.65615824488324
4375,64.1434826498142
4376,66.39634711831856
4377,63.5940332326548
4378,64.00257381626461
4379,62.68773654931885
4380,62.77743152415921
4381,63.45737189575619
4382,63.26619770149049
4383,61.523909526625154
4384,62.941183788819274
4385,61.93535974500182
4386,63.71807806984437
4387,63.140091252757635
4388,63.48898870422054
4389,63.73605540238614
4390,62.70610590979426
4391,65.42311453365056
4392,62.12181297810382
4393,61.88916481091857
4394,63.3067849277916
4395,64.32240948277763
4396,65.0316512403551
4397,60.996365870387976
4398,60.66419998213584
4399,66.4508882286805
4400,63.21323967384674
4401,62.786432365667046
4402,64.26913511532138
4403,64.32338505297702
4404,63.20668331428722
4405,62.90531497394633
4406,62.78528007394052
4407,62.75370135434156
4408,64.38897398835749
4409,61.64836425192055
4410,63.80126072463982
4411,66.43305070600843
4412,63.99503194544266
4413,66.21602943329633
4414,62.17908173525386
4415,61.494603128123
4416,63.92036779399417
4417,63.67794093932329
4418,62.50687509682772
4419,62.74048548001721
4420,67.36995173447696
4421,63.183258183013464
4422,64.96087568288168
4423,63.339307310054586
4424,67.26274845312987
4425,62.04889973638406
4426,63.64393229005501
4427,62.78352419586961
4428,65.62921648689168
4429,63.43124667245985
4430,59.98431154998306
4431,61.54185852198164
4432,65.11406486107236
4433,60.9189682563165
4434,61.30993455790442
4435,63.185302699430736
4436,63.967830744706625
4437,63.53725283726366
4438,63.604209028908485
4439,66.61192270012299
4440,62.7110061423701
4441,61.97485112507037
4442,63.41681568558675
4443,60.73188353209092
4444,64.37462820823929
4445,64.21008061614896
4446,61.30085476301475
4447,62.5549304984486
4448,64.89607670822583
4449,63.99025305704932
4450,63.57173276376505
4451,64.78971064333292
4452,63.76114612442741
4453,64.44978739537578
4454,62.500146905606215
4455,64.34386246321678
4456,60.77900302915211
4457,64.92516955568829
4458,63.34613916934214
4459,63.91357461157725
4460,61.769824615341896
4461,63.579363536358265
4462,56.57927598371496
4463,60.9425419297466
4464,61.85133587986581
4465,62.63442639614587
4466,62.54871225537119
4467,64.53205088610495
4468,64.23657331070277
4469,63.428161614956174
4470,61.562343055040245
4471,62.57754074899233
4472,63.5876177125916
4473,66.28252577101055
4474,62.013812203036174
4475,62.58252255289113
4476,61.973269121037426
4477,63.488360531176085
4478,64.07322179990878
4479,61.44504603503221
4480,65.1044100533483
4481,63.40039979764962
4482,65.66373777610097
4483,63.21525555419271
4484,62.148652965227704
4485,65.18895823188967
4486,62.703105767069864
4487,63.0738208332113
4488,62.642133718108525
4489,62.30442000848365
4490,62.96714613370636
4491,63.14662034305442
4492,63.4906885344029
4493,64.00774083341115
4494,64.46090559423568
4495,63.394085399853964
4496,62.866606510789566
4497,62.674258395642504
4498,64.02377004281855
4499,64.7263633611297
4500,63.63806217371726
4501,63.74708578215548
4502,65.1133964899118
4503,66.6412570580372
4504,63.898609226515624
4505,64.07413411231927
4506,64.22365630401985
4507,61.88993952749724
4508,62.91785741248121
4509,66.55469363691664
4510,63.224250392872044
4511,64.23553056082025
4512,64.79766634580734
4513,64.79485418455094
4514,64.13148706078994
4515,62.35926090098402
4516,63.06651449210461
4517,60.64592393039826
4518,66.05565032835517
4519,64.27655073725259
4520,65.5887485788808
4521,61.30240080714288
4522,60.4513447691893
4523,62.033043914035154
4524,64.7731907518794
4525,59.94469764617361
4526,62.51329447569499
4527,62.14255726943529
4528,65.33518997046843
4529,62.11765782667823
4530,64.92637269314602
4531,62.36924080524483
4532,61.65258126451689
4533,61.103292718172376
4534,62.936136192640966
4535,66.14417909174176
4536,66.51310262941546
4537,61.73595573723708
4538,67.28149309544287
4539,62.43356621222152
4540,68.78665154874206
4541,65.91620600785306
4542,65.49093286113475
4543,66.60770363390205
4544,63.423004323721635
4545,68.3714879759224
4546,68.45833165137282
4547,65.01679840630948
4548,65.68607515755252
4549,66.54170982672336
4550,65.47886830042907
4551,66.37308428772684
4552,63.1153322682623
4553,66.81529031878209
4554,65.3431093571952
4555,66.34916619529741
4556,70.36499143523504
4557,63.81630991203237
4558,67.61605521015665
4559,69.13710644823034
4560,66.2995138099627
4561,63.03825268948969
4562,65.65067480614427
4563,66.26443670015786
4564,66.55830638014392
4565,66.33949020863275
4566,63.613863438733425
4567,65.37738077520821
4568,61.403650522954784
4569,68.06027092724754
4570,63.731010541085396
4571,64.23090097424792
4572,64.83845656480189
4573,65.71618620559647
4574,66.66978584769161
4575,62.43156878307094
4576,64.16660560168935
4577,63.70616062679357
4578,65.09256638425204
4579,65.58956209005808
4580,67.94734710886136
4581,62.49900041404203
4582,65.03264277039257
4583,63.867426227940136
4584,64.18312935310132
4585,62.89603367053433
4586,67.8183345706302
4587,61.95937102099095
4588,67.32516606357368
4589,63.81787757955917
4590,64.43540258840869
4591,65.78138831905697
4592,67.38098764610623
4593,68.60618124732416
4594,64.18112896052851
4595,67.4329738732165
4596,64.37371338681898
4597,63.551111513731456
4598,63.27888835406641
4599,66.77981752722246
4600,65.68141716372135
4601,67.62798576871165
4602,64.4279913020282
4603,66.77989192709758
4604,66.48221053060712
4605,66.046888932739
4606,66.22764479252551
4607,65.79335382467619
4608,60.76579276909031
4609,64.13054148140014
4610,62.95959398003498
4611,65.52013593775887
4612,67.89802418707087
4613,67.45506509733134
4614,63.551859247895464
4615,66.75557032258205
4616,62.59348511195418
4617,66.23950642290932
4618,63.575790473717
4619,66.19540198741144
4620,63.99704199261264
4621,65.22147057396876
4622,67.82917543090845
4623,63.97500863414894
4624,59.78018810281991
4625,67.99356246013255
4626,63.900542567890106
4627,61.57803659180122
4628,63.56628151707899
4629,64.29977742541638
4630,64.27248966032386
4631,68.64062463688337
4632,62.037542528863035
4633,63.12367592517453
4634,63.502711387292
4635,64.85210773045617
4636,61.888504064537464
4637,63.00863507075918
4638,63.53825508389302
4639,61.64472190389871
4640,65.07837853919811
4641,65.14279512181811
4642,63.40402820911154
4643,58.61095937175116
4644,63.71422354444527
4645,56.21213473606373
4646,61.606669635000195
4647,59.07903999522083
4648,65.22897906440257
4649,67.49983950858217
4650,67.56389914807377
4651,62.791401326333016
4652,68.03925012196534
4653,65.40592079362558
4654,67.47254719313501
4655,66.8897472777318
4656,67.65013410573471
4657,62.629006962509074
4658,63.74681388492397
4659,66.88754665379221
4660,66.50238387942333
4661,68.53417247263168
4662,63.93988185553069
4663,62.43294396845007
4664,63.56442833608316
4665,64.6809005791391
4666,63.91593383534302
4667,63.190407953155706
4668,63.80747393174847
4669,65.90698734443096
4670,63.99695235208567
4671,62.555645094542825
4672,65.8878236426191
4673,64.05873871525371
4674,67.11133771706488
4675,62.17530302704638
4676,66.32252660291873
4677,63.7592492085419
4678,64.61201640348243
4679,66.19029488792879
4680,68.25289570050664
4681,63.44404656355781
4682,66.45918130516219
4683,63.372709450935695
4684,61.918999712293704
4685,65.60592119063415
4686,64.02194961172738
4687,64.03684951368413
4688,65.20883789932262
4689,65.8472010264587
4690,61.87095928817699
4691,66.4638925849219
4692,67.1191139437961
4693,64.05612812410854
4694,66.33389458739565
4695,66.98229415794755
4696,65.02897708796068
4697,64.7809166279838
4698,64.83818144094735
4699,63.77963228712923
4700,67.59767099444647
4701,66.54521078768376
4702,66.96304534957994
4703,66.58426943796898
4704,68.27997819603429
4705,65.34463348395029
4706,66.44928427048617
4707,64.86222765551061
4708,67.9097666461612
4709,64.27388259052293
4710,65.69579366183386
4711,66.2795044724776
4712,66.3218499849622
4713,66.24484985426413
4714,66.8030765081681
4715,66.1083653886129
4716,68.84791543428693
4717,65.79252653606582
4718,65.19964247176998
4719,61.16828927946948
4720,62.676293256292304
4721,63.61944175996259
4722,64.25961326506987
4723,64.08553244515713
4724,66.04954084727876
4725,64.51253762388285
4726,66.02136734645775
4727,65.28898958919544
4728,64.09975603006639
4729,66.02055703128453
4730,64.55973080480736
4731,65.04449061419277
4732,64.98135071519683
4733,66.39914889629313
4734,68.60175480021122
4735,66.31304331604457
4736,65.17589862081066
4737,63.67976900160689
4738,66.3231377336556
4739,63.56525121539275
4740,63.52207078793693
4741,64.81457989530834
4742,64.83102194253786
4743,63.09021405043176
4744,64.38716126423786
4745,65.47619422823931
4746,65.1063058793869
4747,64.86113349478592
4748,65.27650224649372
4749,66.73409988484804
4750,67.7315411018854
4751,63.63678029169409
4752,66.34755556280408
4753,65.61107235512938
4754,64.23957149336378
4755,65.21249787698764
4756,66.54573237811269
4757,66.76586334211161
4758,68.25903166492716
4759,68.96465655697654
4760,66.03638290259941
4761,63.93782013556338
4762,66.1791919152603
4763,63.27724866467891
4764,63.44311303616177
4765,67.17866078422969
4766,63.24993673326503
4767,62.49801669854723
4768,66.72722644471688
4769,62.62372433833025
4770,63.12445210550187
4771,62.7488310091317
4772,61.27620870307723
4773,65.19471082301781
4774,62.681027373138846
4775,62.023675824659456
4776,61.6114317183165
4777,64.03283665481077
4778,66.71192823803825
4779,63.156560303021095
4780,63.800917673381036
4781,65.47648754010257
4782,64.78332199023842
4783,64.6261136846544
4784,65.44173444298819
4785,65.69023040104187
4786,64.49346007425966
4787,64.54267441371715
4788,61.48901831410359
4789,66.99232474902519
4790,65.42308916504916
4791,63.81523844442713
4792,64.8711047977026
4793,66.39333604763674
4794,63.886898135585696
4795,66.65985382940912
4796,65.05165766680511
4797,66.19063719917888
4798,62.4202285214542
4799,62.93059339841538
4800,61.52580370016263
4801,63.68668482342954
4802,65.15302941999299
4803,65.40349871593308
4804,65.61214257520277
4805,63.8762138170862
4806,65.53018482575727
4807,64.57560329362946
4808,65.64439437391695
4809,66.31508356204424
4810,66.09949539115897
4811,67.3130332870767
4812,62.5752840791459
4813,63.264589456030585
4814,62.247802033518816
4815,64.96316735569194
4816,63.58484922014584
4817,66.58479993878183
4818,65.9074804983718
4819,62.643141518604416
4820,65.39830299685535
4821,63.095305251521026
4822,67.32952950200726
4823,65.28561349889424
4824,66.2395832068527
4825,64.5569523377428
4826,65.43464153603429
4827,62.850875038133104
4828,61.65918918004526
4829,66.72431849900767
4830,63.01362250658509
4831,65.85728945388024
4832,65.55844919758057
4833,64.60399013430795
4834,64.66298077804383
4835,64.92139479291673
4836,62.13653693966974
4837,61.833376569106996
4838,62.850902230871455
4839,67.3612101823157
4840,64.04012990017668
4841,62.773573909524
4842,63.97749110784086
4843,65.09974410677621
4844,68.33591429123472
4845,61.54940475081386
4846,65.09545849572697
4847,66.52927251076807
4848,65.25885455898617
4849,64.71635762592976
4850,63.535184235464044
4851,63.596450691300134
4852,66.23377727764914
4853,66.66381764497201
4854,65.9158133985521
4855,65.83939857981916
4856,66.48216643239654
4857,68.04680444821992
4858,67.629860086222
4859,66.34361334398237
4860,68.72622769446083
4861,66.36033572574635
4862,65.43850851064022
4863,63.79336972720584
4864,63.208259927597986
4865,66.63460789118976
4866,65.57154494146472
4867,66.36701835218322
4868,66.46322283816717
4869,66.330351501239
4870,63.22141171944942
4871,64.12614281114126
4872,64.751020937411
4873,62.6986204238412
4874,65.15521726265644
4875,64.9122948904692
4876,62.41509960816587
4877,61.91192824344289
4878,63.379912930442124
4879,60.58199144848455
4880,64.14793652201963
4881,62.34754979500394
4882,62.8437743064989
4883,63.00130389432483
4884,63.99535424767004
4885,62.63838434059715
4886,61.38965195394192
4887,66.26431697052078
4888,63.11683578635354
4889,62.617114101515874
4890,62.75060501088942
4891,57.64315034354142
4892,61.08079785668411
4893,61.53685401969344
4894,62.52340268269835
4895,58.87391479913925
4896,61.121083481009755
4897,62.03460030818679
4898,60.1970979767262
4899,65.30725299396823
4900,64.11914039550014
4901,61.50016291361511
4902,64.87079632111411
4903,63.5882163385602
4904,64.32006461682879
4905,62.35480265779742
4906,63.09816666565955
4907,64.97186804988351
4908,63.188346760870715
4909,61.98242597407985
4910,60.792272668556514
4911,64.2707812986538
4912,59.16385024811347
4913,56.69879743884004
4914,59.148387016697285
4915,60.08209701396795
4916,56.54763113187864
4917,58.16075463511107
4918,59.99757436487287
4919,60.73780452554915
4920,59.234754531090665
4921,56.86862965871858
4922,59.86891552824004
4923,58.867174171794844
4924,59.67365910092035
4925,61.047962538893806
4926,61.780865833023576
4927,55.78044142410864
4928,60.01468047426326
4929,60.352393134304094
4930,58.353648144941715
4931,61.527895588901394
4932,57.05395097919302
4933,56.66689659372575
4934,57.07915417300022
4935,55.31648144432646
4936,60.8469310102759
4937,59.222697574122876
4938,62.49863391918238
4939,62.377254209531024
4940,59.34687667906718
4941,58.66330763729828
4942,56.65385249454074
4943,56.668898183343245
4944,56.94250176544757
4945,57.38582897574506
4946,62.0679741235277
4947,57.81427925367575
4948,64.85452189094518
4949,62.98932364373148
4950,60.51988831188882
4951,62.8968052485955
4952,60.47540964482974
4953,62.83461740805608
4954,60.17317310379985
4955,60.21796152452325
4956,60.18777129041034
4957,58.06189329211806
4958,62.19380642112244
4959,61.555549348559886
4960,60.991673661303224
4961,62.618159687921136
4962,63.81752689344594
4963,59.19121437280184
4964,58.52680092170989
4965,61.80927630121698
4966,61.69724493229303
4967,60.30736633322353
4968,65.09808539599906
4969,64.25328915462696
4970,62.61292856117505
4971,58.92415329121441
4972,65.05223584440853
4973,64.39888826169741
4974,63.43480178386495
4975,63.91303550279504
4976,63.11677845328522
4977,63.54452622380978
4978,64.38400208182239
4979,62.492318530279505
4980,63.584373912840974
4981,60.349285971199805
4982,63.51639273640823
4983,61.91011161438914
4984,64.61019408718944
4985,58.71079286673327
4986,58.878102595033255
4987,61.657299916346666
4988,64.28838843967199
4989,61.71697232125431
4990,63.68383848841055
4991,62.00131229898418
4992,62.67476228196424
4993,59.6882964199433
4994,63.39865091772621
4995,61.0543681508881
4996,60.70793448141897
4997,61.12303509604546
4998,61.21262882460472
4999,61.34402862394482
5000,59.9454391821922
5001,64.88509744762734
5002,62.928280386131924
5003,65.90240084442912
5004,65.0846042481961
5005,62.551584024131145
5006,60.379199448586235
5007,62.94231273634673
5008,61.30358740421367
5009,62.20302123978399
5010,67.027789745764
5011,63.24673209691836
5012,62.314947993314085
5013,64.92021611966008
5014,63.166734221386456
5015,62.80710411958108
5016,65.68603324949217
5017,64.47328537771398
5018,63.43916260989599
5019,63.24010075218955
5020,62.38656841211216
5021,63.47836415005348
5022,59.69357077279711
5023,62.23833447984808
5024,65.05705556723633
5025,63.031433530598704
5026,66.83575699969286
5027,61.66944652467557
5028,61.06824672423242
5029,58.03629052603134
5030,61.24519431619874
5031,61.19011752458233
5032,62.40309397849061
5033,62.16154519196681
5034,63.44789614390694
5035,64.71285270336566
5036,65.86412693888144
5037,63.261017327238136
5038,62.726489237292036
5039,64.10741550576054
5040,62.380859678853874
5041,66.42329653911635
5042,66.73400437497595
5043,63.417073359213894
5044,62.89161804375418
5045,61.845861425536924
5046,66.22728996192558
5047,60.450156416568674
5048,62.35736229761267
5049,61.01640636313708
5050,60.90183379704818
5051,62.34190450913043
5052,64.21040034611302
5053,63.31555837681571
5054,64.46829527650789
5055,64.34481094390034
5056,64.39540765104505
5057,66.00222046945272
5058,62.501822984669246
5059,63.56288978249436
5060,60.66473887641365
5061,63.15100200298907
5062,63.531439150237205
5063,62.55607025048232
5064,65.42769461919656
5065,64.15587842843733
5066,57.322842389094475
5067,62.70152268305437
5068,59.5506796887739
5069,62.15407252536191
5070,63.059521522903545
5071,60.75451749877829
5072,59.20465899103522
5073,61.72865655599985
5074,61.463765120405476
5075,62.94691960487939
5076,60.53530783066688
5077,62.4150671861158
5078,61.934550799985395
5079,64.92876741260619
5080,60.1477868100113
5081,60.61185144932129
5082,61.63338083855557
5083,62.83251490201655
5084,61.90183173312757
5085,63.10362567713402
5086,62.03241351722566
5087,63.224926024618085
5088,63.91680627222834
5089,66.2967956760023
5090,64.6951146657231
5091,64.68767831331877
5092,64.05153304534223
5093,64.48735762420759
5094,64.17984966921028
5095,65.57435029673093
5096,62.542264131198
5097,60.98490170694623
5098,59.727290437537974
5099,61.89959837881707
5100,62.55700523466523
5101,62.70821609127907
5102,65.14122559360112
5103,62.198412779967015
5104,61.46251371685876
5105,62.055415525369135
5106,64.31223278504791
5107,64.11462147901476
5108,68.28958450590517
5109,65.13136527892763
5110,60.08854998139293
5111,61.55250888735517
5112,60.82708415863467
5113,57.59714839017793
5114,59.99898105008015
5115,59.12123630432295
5116,61.49167883429549
5117,62.63756353834324
5118,61.76420539045714
5119,61.94607231404432
5120,61.330502498212546
5121,59.43768082249466
5122,60.3976048720448
5123,64.53491933423733
5124,58.10779054820432
5125,58.13265782225094
5126,56.199223183921696
5127,60.033126486146266
5128,54.54906240407807
5129,54.1322952302671
5130,57.60772865820966
5131,59.50362501908306
5132,59.0722938740457
5133,57.80503871343796
5134,57.57338962770449
5135,57.15287064393746
5136,58.94465019828123
5137,56.608171736762664
5138,56.95897582800495
5139,59.78920433431944
5140,57.74929099408443
5141,59.29902879364087
5142,61.62149316950529
5143,60.69337745624741
5144,58.48529360378711
5145,62.77419440167634
5146,57.6326664630893
5147,55.3843997212877
5148,55.655997723820875
5149,56.65753064993729
5150,59.2369709987476
5151,60.55169892175546
5152,61.33468670765259
5153,58.63990225867155
5154,61.337105270435956
5155,57.267219742115046
5156,60.90696124321354
5157,56.90765333475938
5158,60.73663186785777
5159,58.42870698405017
5160,56.98223563698402
5161,60.36572218092745
5162,59.16724567974631
5163,60.537816300957516
5164,59.89153039006303
5165,65.49564249982167
5166,61.889014820631004
5167,62.91891011603105
5168,60.75108711447649
5169,63.0639869534442
5170,63.826450490059166
5171,61.557800854525674
5172,60.58824095785011
5173,61.629787805628965
5174,61.249248619690555
5175,58.68929115324625
5176,60.17454127436548
5177,60.36855337103706
5178,61.68823671272826
5179,61.31579504730273
5180,60.62327285250275
5181,62.57583994696712
5182,61.85895407006574
5183,60.16017460773818
5184,55.445504503222566
5185,61.17620750464768
5186,60.51076626154199
5187,63.78434183775743
5188,62.05700680806451
5189,61.389937111832126
5190,61.53464805404409
5191,58.8795470328482
5192,57.85030844547763
5193,60.858912382992095
5194,58.717478016757084
5195,60.96749906504033
5196,60.61279376599196
5197,61.137033783564505
5198,61.76480871665378
5199,61.25947854083121
5200,61.76450030558172
5201,62.41825200253156
5202,62.73937704041619
5203,63.21497298840138
5204,59.14774797282138
5205,59.89033868628678
5206,60.23751768329448
5207,57.39963956436429
5208,57.13096702950381
5209,58.2906585051411
5210,57.455547766599615
5211,63.48642581315464
5212,59.89001723482106
5213,60.12091195418731
5214,61.63959689605279
5215,61.15212117129537
5216,58.958129147637074
5217,61.52568980796995
5218,60.235962109924216
5219,62.538327569442046
5220,63.642141081215776
5221,58.863869084794366
5222,60.850195008466414
5223,61.92255051573972
5224,58.609590834283026
5225,61.17878940854858
5226,61.73866640039415
5227,64.25284082501076
5228,62.7879225793187
5229,62.375173738292865
5230,63.5499544146091
5231,64.66729582127749
5232,64.37668521566016
5233,63.7973357413865
5234,63.20476590366127
5235,63.91662355481981
5236,62.41714726944153
5237,62.177862778943926
5238,60.15067257775212
5239,63.019077917922374
5240,61.419998880052006
5241,62.328285995700625
5242,60.02220857024995
5243,65.4444341890007
5244,62.151667070373676
5245,62.96763288971232
5246,62.84507436777834
5247,65.21270493572025
5248,60.20960899179032
5249,58.89559505916275
5250,59.42277511924863
5251,58.36236355435882
5252,61.756125256738585
5253,61.5425882111541
5254,59.374711707424034
5255,61.668945323839154
5256,62.01556270612456
5257,58.52776690353153
5258,58.32957934831379
5259,61.53685544432701
5260,57.064025516110966
5261,63.92213977857574
5262,61.45752407990973
5263,59.84246503391809
5264,62.67482370160126
5265,62.146025250213604
5266,60.68043244738976
5267,60.43435677818996
5268,60.60232219771544
5269,56.60767322076049
5270,54.50193129730828
5271,56.1429620243827
5272,58.3653287050086
5273,57.15354643801776
5274,59.4283007749891
5275,60.00157012715728
5276,63.80659768369957
5277,61.57885046321541
5278,61.973930923870796
5279,59.51319495020401
5280,64.24378532141458
5281,61.31539049853796
5282,60.7198097898533
5283,58.686212148703305
5284,59.57243977227705
5285,57.6235877843794
5286,55.4930936475509
5287,51.15198915742186
5288,54.74878432328093
5289,57.731133283185805
5290,53.31933805989389
5291,57.19093183230501
5292,54.680660893558965
5293,54.189668446945184
5294,50.7153930765832
5295,54.20158476641111
5296,58.63307086481182
5297,63.20859546036342
5298,57.66791518615906
5299,56.135261834830345
5300,54.80389044064369
5301,56.204397725495134
5302,56.14757063533685
5303,55.64339968154917
5304,57.58815859047296
5305,60.952159900650095
5306,62.41918425278348
5307,59.06615606937018
5308,61.13782322535339
5309,59.13118556088625
5310,55.72414057103273
5311,54.94189009705325
5312,54.313625022391584
5313,55.77032237508944
5314,55.841824773798486
5315,55.61861046330405
5316,58.6316159490695
5317,54.61465171882779
5318,56.83854630943342
5319,55.0940172463892
5320,58.77131845781603
5321,61.9700448960175
5322,58.80187647860138
5323,57.27405551926632
5324,58.251320651377746
5325,57.70513917053776
5326,57.766378473478134
5327,56.08634982574225
5328,58.50407719677893
5329,60.80872543763608
5330,57.911048587787
5331,63.60249525992372
5332,63.757419661354646
5333,63.470432391438216
5334,65.08366900843431
5335,60.55577328375248
5336,59.28009104226006
5337,62.75993487756002
5338,61.79486546507431
5339,63.09934675233261
5340,67.15165483130863
5341,67.05558742585904
5342,65.99423102101399
5343,60.87392866283668
5344,65.11663724385807
5345,64.17435968807716
5346,66.8420790986428
5347,65.2882870096761
5348,66.38117772354977
5349,62.714879113083455
5350,61.45067204468907
5351,65.61288786822526
5352,62.6306372940529
5353,65.51791959406056
5354,64.73559453740845
5355,63.00181383935992
5356,63.83709321280232
5357,63.75026151456238
5358,62.721059132606044
5359,67.15468893590044
5360,62.47402578334543
5361,63.38305886436815
5362,65.46840450717563
5363,63.11015666076643
5364,65.04484198298823
5365,67.19222842030248
5366,63.58570522786295
5367,65.86262050694478
5368,62.45127074800209
5369,62.37581544466914
5370,68.41990730977689
5371,61.707908357719965
5372,61.95457743525029
5373,63.43654958227921
5374,62.937678318042664
5375,62.9442770517677
5376,66.7604323571838
5377,66.56734415384861
5378,66.01129595844715
5379,65.75615147238724
5380,64.12243733851993
5381,63.77846438115528
5382,62.695774794320045
5383,62.53000168079149
5384,61.7069557908668
5385,61.89010724130042
5386,61.579889089029564
5387,62.14265906332725
5388,61.92423210601001
5389,64.44213787822348
5390,61.888611122152824
5391,62.43930073196134
5392,64.8705554197809
5393,64.423857500244
5394,66.77179426347193
5395,64.01007362560881
5396,60.65016664726081
5397,63.36499233508847
5398,61.126585143079545
5399,64.62314626776633
5400,59.49253172629383
5401,63.78814178295866
5402,61.44901967483548
5403,60.06539334659408
5404,64.20903691112024
5405,59.74919184042792
5406,63.781404862776185
5407,62.72078554773974
5408,61.7422871731266
5409,62.862249866548495
5410,60.89013500229161
5411,65.74514010046397
5412,63.88258657829873
5413,63.46568432663684
5414,63.26182404781651
5415,65.36075502669401
5416,63.91576729459742
5417,63.917470260521114
5418,64.00984253734342
5419,62.87853886028881
5420,63.196326615965646
5421,61.54588687137911
5422,64.02713586374672
5423,62.09876882776776
5424,64.02997812458597
5425,60.54189919076175
5426,62.791851055893794
5427,61.80616463718049
5428,64.95177820451516
5429,59.72819894698981
5430,59.712668762209326
5431,62.827506257706595
5432,63.55170850676631
5433,62.73954383063513
5434,63.384349299485606
5435,66.66291760852148
5436,61.20762612101206
5437,64.48923547841761
5438,63.53408377393708
5439,60.99402979569226
5440,57.76070679916332
5441,59.93002070191124
5442,59.49028397613485
5443,61.30142233039447
5444,62.16780617874645
5445,62.08170687937912
5446,62.31829431524201
5447,61.30288505234564
5448,66.52332281976337
5449,63.02179623396783
5450,64.02757651980086
5451,63.50467907046044
5452,62.70335474820505
5453,58.342843102016985
5454,60.68941263089785
5455,62.78457232198998
5456,62.21099218458787
5457,64.96317691169561
5458,60.528944590076804
5459,63.28275493509087
5460,58.79341692755906
5461,62.681441887528806
5462,59.56690911302068
5463,62.593316556046396
5464,63.93520127504324
5465,60.78656650980355
5466,63.43267814339645
5467,60.16179498454631
5468,61.98123730805371
5469,59.58052633464372
5470,61.41573085246092
5471,61.039783059534145
5472,64.88687727021073
5473,62.68808816152052
5474,62.45158907621535
5475,61.471445065153546
5476,62.536187551731594
5477,61.08157948233376
5478,65.21660540807837
5479,61.49206020440276
5480,62.080445723603425
5481,63.05139845994345
5482,62.846456076609705
5483,64.20174754345496
5484,61.48829277024911
5485,60.80177469570372
5486,63.62786706833948
5487,62.26430553112517
5488,59.23875695973799
5489,61.66542707606026
5490,62.9060297418571
5491,62.06523403019543
5492,60.738445984316414
5493,64.06948193652988
5494,63.13429994146998
5495,60.26490459544744
5496,61.249694832009205
5497,61.294791107807036
5498,65.32171344922901
5499,61.10134499573755
5500,62.3417846198322
5501,64.58814145723214
5502,60.34052371802176
5503,64.16289384153184
5504,64.22356879987724
5505,64.21462006281433
5506,59.42869705952524
5507,60.05466063064406
5508,60.099837647383936
5509,63.812742021452735
5510,64.53740592623987
5511,65.59220662452111
5512,64.12031653831357
5513,62.16875439082226
5514,62.82319332166697
5515,61.9943490516552
5516,59.883581371818586
5517,65.88934571726851
5518,65.58694107502427
5519,60.70653166833416
5520,62.41029069841701
5521,61.61179093528007
5522,58.608211258969334
5523,62.2937471016126
5524,63.34645222888481
5525,63.34372375905766
5526,63.053493373177844
5527,64.37005667720398
5528,62.51531950564396
5529,62.11795937282387
5530,59.439326535166735
5531,62.69531756003226
5532,60.708436215527286
5533,60.652132251894905
5534,64.64314439696251
5535,62.794469156831596
5536,66.4630897993924
5537,64.65032763164488
5538,64.42528366111938
5539,64.99936140418984
5540,63.713345477274636
5541,61.90750512794557
5542,63.19768662013996
5543,63.80147786517348
5544,62.89691978244592
5545,64.36492283825042
5546,63.780072244185604
5547,65.44357856940789
5548,66.19330580223713
5549,67.32073096920814
5550,59.682928454656135
5551,61.24715787383332
5552,61.816594462047654
5553,66.80605945544272
5554,67.31377651523535
5555,62.717666502490346
5556,66.07918391666355
5557,65.27438300824296
5558,67.23588618701275
5559,68.65791026104979
5560,65.0756234363359
5561,64.98290955410602
5562,64.25293045617904
5563,66.75269950912693
5564,62.27334673257981
5565,62.11202165363102
5566,66.66956577767128
5567,60.753845953186186
5568,60.09934386607169
5569,60.408878207053135
5570,65.4626578785998
5571,61.94845810347126
5572,65.66427295976492
5573,63.26645277688875
5574,61.07501030232554
5575,64.09938766329427
5576,64.88173967351233
5577,62.157151077720584
5578,62.45286769536318
5579,63.106166772540334
5580,63.60055787761919
5581,59.27780140720006
5582,63.4345725832109
5583,66.0265922723913
5584,63.30272295722261
5585,65.0409218417056
5586,64.25115896733793
5587,65.62044823076782
5588,64.85755659209592
5589,63.67268441537758
5590,65.00809206610248
5591,63.373521480704426
5592,61.5879415777363
5593,59.530312284587474
5594,63.21229175328507
5595,61.946196924781475
5596,61.41932871742403
5597,65.71531606692014
5598,63.07525743426048
5599,63.61692529870868
5600,64.2351796916723
5601,62.929870183055556
5602,65.80774705938798
5603,66.75608108696932
5604,65.26067708675241
5605,61.774305080004396
5606,61.97757537781594
5607,63.62694005621613
5608,62.78024971909912
5609,63.17413655999986
5610,60.95261108820351
5611,63.19050233858636
5612,63.32105403233691
5613,63.251875524559075
5614,63.896250272685386
5615,63.925812834018096
5616,65.54351064047975
5617,66.11373408350529
5618,65.08102716572638
5619,68.15536069302917
5620,66.3557998731678
5621,63.23051633577543
5622,66.4639403111418
5623,62.67629587511572
5624,61.40593960000027
5625,62.16771788236253
5626,61.558431700315175
5627,63.57500710001426
5628,65.6238922716793
5629,62.951756700981115
5630,62.5082748693441
5631,61.99142703979534
5632,63.84623958969936
5633,62.89914590644752
5634,64.43651599565318
5635,68.74762451702196
5636,62.67218509485026
5637,64.17254695537726
5638,64.08483146213264
5639,63.95897234186229
5640,66.01905837166488
5641,61.152653294577334
5642,65.6095112035085
5643,61.59805881944721
5644,63.52018870419952
5645,63.898920761692274
5646,61.67234944678136
5647,64.03726945067653
5648,61.1518243653593
5649,63.98191823324421
5650,62.24667872119242
5651,65.05417583340554
5652,63.61113061911218
5653,63.755479946012116
5654,62.961050700596395
5655,64.10364233022356
5656,60.80893695178552
5657,65.12222165614864
5658,69.48787459670694
5659,62.399825532672004
5660,63.39754831745607
5661,60.816504556712054
5662,64.74809913180347
5663,66.266082587852
5664,63.40647523335201
5665,63.25892515567776
5666,61.30940380896164
5667,60.6413669320605
5668,62.3490000240028
5669,63.62994980639466
5670,64.3100204483036
5671,64.40919607953604
5672,64.02234033967027
5673,63.311348635661425
5674,61.266088186567416
5675,64.35919378934365
5676,66.51182265375344
5677,65.67798844602234
5678,64.86304327061526
5679,63.02827653668966
5680,62.58497926620488
5681,64.82975919509703
5682,62.50646128281859
5683,62.31508544774704
5684,65.86011726157456
5685,65.03469978652295
5686,66.08550492023029
5687,63.46483132447461
5688,66.1856209745749
5689,62.39689586643151
5690,63.85338737932364
5691,65.2495822520936
5692,66.62320660430173
5693,63.2716663701871
5694,65.29789944403987
5695,63.66167618036022
5696,61.745936642329866
5697,64.77145166850376
5698,63.12424536775767
5699,62.935555289990795
5700,56.85993144149897
5701,60.74238533396636
5702,61.057570687865166
5703,60.20132142076754
5704,63.950571097588025
5705,62.961553163064195
5706,62.64419850939331
5707,63.99020823325257
5708,61.00810065620496
5709,64.48902122547278
5710,65.50353977406411
5711,63.756022258136134
5712,61.328536895967076
5713,65.36333041666227
5714,62.40116338531266
5715,61.97446903113188
5716,63.417991561323305
5717,61.216146046660135
5718,62.81833445732928
5719,65.24870176961396
5720,64.41772860114419
5721,62.905753432957304
5722,64.38044528482867
5723,64.80451062666384
5724,62.576179812745686
5725,62.54578127706144
5726,65.79744979007548
5727,65.61045886295635
5728,64.08375242902355
5729,65.47797615098905
5730,64.28449897373132
5731,63.924509689298944
5732,64.91198599445619
5733,65.05910531688474
5734,65.55627297513855
5735,64.9231884508005
5736,64.35475494315023
5737,65.04635693398671
5738,63.677864437021476
5739,63.427711592471915
5740,63.832596242472036
5741,65.3347337448141
5742,62.24119855082449
5743,63.95182939169128
5744,65.90121326608299
5745,65.36140001076838
5746,64.5847350481075
5747,64.45129223882738
5748,64.1138154657784
5749,64.17002573470795
5750,65.88972067486951
5751,63.54468110294901
5752,62.78461755483695
5753,68.47399277225918
5754,65.13252689077096
5755,62.565865510486546
5756,64.18346784637616
5757,64.69696001390312
5758,63.33812261902607
5759,67.66931706094381
5760,63.53910745873853
5761,65.83351374398683
5762,62.68927879195934
5763,63.320476707850396
5764,62.26074486926288
5765,65.63017404248731
5766,63.49252192733136
5767,62.479175785967044
5768,62.4374158090473
5769,61.81540110420934
5770,65.53736257630821
5771,64.14048311588819
5772,60.62545979882284
5773,64.31961526679252
5774,65.30341554199785
5775,62.73947781424348
5776,65.49047542730116
5777,64.66701855166252
5778,64.87382950430806
5779,67.83854110234277
5780,64.58103870285267
5781,61.746357275745886
5782,63.342783656344444
5783,61.995708928447414
5784,61.39040009953252
5785,62.878906346079106
5786,63.853286414327606
5787,62.050032814642634
5788,61.36890323403749
5789,59.56925795391996
5790,60.17960911052774
5791,63.54132934236527
5792,60.963735630127886
5793,61.36617859055662
5794,61.4146775797653
5795,61.53954247357528
5796,60.485406318289385
5797,62.71173584880271
5798,60.48548678245442
5799,58.90588239778633
5800,63.00180722580634
5801,62.96187833151609
5802,63.41142131156383
5803,66.07276870184955
5804,64.10696878266789
5805,61.517700221875735
5806,61.275546436914915
5807,63.84697033457302
5808,60.7974428080122
5809,60.31702875158027
5810,61.42210905151809
5811,62.8014351993132
5812,62.03223645757661
5813,61.06652917820836
5814,65.47463807774484
5815,59.09108519871614
5816,59.58709916428616
5817,62.495852285218135
5818,60.816530877586246
5819,60.140235066858345
5820,62.32164964236681
5821,59.72418076450442
5822,63.55977883827159
5823,61.87349885388597
5824,63.28399757501201
5825,60.58463272912546
5826,60.948445756713426
5827,56.934384770361056
5828,58.27067724576565
5829,63.14019005779296
5830,62.96525655308976
5831,58.920937989525605
5832,59.433971012299786
5833,62.79882337981088
5834,62.68158352617918
5835,61.37020875423749
5836,60.5563521809424
5837,61.579164284103484
5838,61.9915738636315
5839,62.57440108466531
5840,63.75525526193103
5841,63.713107344831734
5842,63.94230852264355
5843,61.422018812827716
5844,67.27238218131171
5845,61.62425259588023
5846,61.85985238641248
5847,62.204323702328765
5848,63.77174236753309
5849,64.96811058908443
5850,61.55308615081552
5851,63.68551416219608
5852,61.99898439443653
5853,62.09848932732276
5854,61.42174084315203
5855,62.936930913285245
5856,58.945687163951845
5857,63.12253408128745
5858,58.403214858725285
5859,60.40188426836374
5860,62.22624397192993
5861,65.04276466481976
5862,65.49078312833474
5863,65.13927480228546
5864,61.89341816697115
5865,63.569295802426
5866,57.7557417950985
5867,61.24771677054278
5868,64.46278501552003
5869,64.30238385545594
5870,63.141504891322775
5871,65.39681152232468
5872,69.28341254873517
5873,63.69488955475888
5874,61.50114534846629
5875,61.149572455495196
5876,64.05611126449878
5877,61.797854588111925
5878,66.58914274723051
5879,58.8541668582493
5880,58.235908954448654
5881,61.08455857646347
5882,63.70950945817037
5883,63.35193321234632
5884,63.245557457131504
5885,63.62356449584955
5886,62.5106746346621
5887,62.020758423326896
5888,62.442678626673334
5889,61.22259799375682
5890,60.61790804993001
5891,60.449865031016266
5892,59.61922688287708
5893,62.599679313266456
5894,61.83443164521987
5895,59.71303010831074
5896,61.26363964889613
5897,62.128950599930604
5898,58.87498872786542
5899,60.89278112631005
5900,59.69464979953983
5901,62.13422824028733
5902,60.87157423456469
5903,65.92877253218813
5904,57.84523924513644
5905,61.086644878245245
5906,63.00615178299264
5907,61.88173650030011
5908,63.04225827773989
5909,61.521593209594954
5910,62.3252338002814
5911,63.814852561504416
5912,62.48098191459485
5913,58.77893235124573
5914,62.285848487437505
5915,64.97426986827794
5916,64.61923292522081
5917,61.823990253267674
5918,59.44103680594551
5919,61.08546509488308
5920,60.37358687633806
5921,65.90286219419545
5922,61.62373304325717
5923,62.57773286552604
5924,61.18991751245055
5925,61.84720269205832
5926,62.47246828208048
5927,62.69421648974044
5928,60.46868241375951
5929,62.396370775198946
5930,63.43575942231002
5931,64.92072915890343
5932,63.27850798682741
5933,64.19770660312297
5934,59.80021145408949
5935,63.28540132420374
5936,59.9192443744251
5937,63.948789089041654
5938,62.14479245568147
5939,62.437348351576944
5940,62.50621735325712
5941,59.478394343383954
5942,59.662304063569735
5943,65.4922874526974
5944,61.96638718150161
5945,63.49958382186746
5946,60.865938807879076
5947,61.94545036575018
5948,60.07234370470175
5949,60.147513181409444
5950,63.54351981759509
5951,62.38766375573431
5952,63.24896528517854
5953,61.993900503393334
5954,61.58984170350677
5955,60.674068547312494
5956,60.989358543452056
5957,64.66371735080713
5958,58.90225894411941
5959,60.93444633167405
5960,61.09442530984632
5961,59.959862880912
5962,61.88888516312674
5963,63.85241876091648
5964,62.5220622699577
5965,65.43763806137495
5966,63.26065372747048
5967,61.63994762288964
5968,60.528892549318485
5969,63.49223871243229
5970,60.8567996763023
5971,63.380574232732364
5972,62.026699301858685
5973,62.6458291579766
5974,62.7806036351969
5975,60.75354265516968
5976,64.80267883502194
5977,65.00225374269061
5978,64.21032553764928
5979,61.29647666506177
5980,62.80014012397606
5981,64.01068546399259
5982,62.50254253718595
5983,61.966264137223746
5984,64.51181779871314
5985,60.44075695994753
5986,59.807072788903696
5987,64.20571787224779
5988,65.1245512662866
5989,64.62539773465356
5990,64.80397760486683
5991,65.84164856036998
5992,62.915248250955415
5993,63.87823157093958
5994,63.70645931462898
5995,63.403798918320895
5996,61.03579803619176
5997,64.46985408129275
5998,64.84537893685764
5999,63.21790171910479
6000,68.05014537739717
6001,64.6880850419004
6002,60.67662317442906
6003,66.12798924203744
6004,62.625703068743206
6005,58.10300839250774
6006,61.937236660776605
6007,66.09382565731887
6008,66.2041831593104
6009,61.706480406319145
6010,64.49145153246823
6011,61.00580231065839
6012,61.69898896582636
6013,61.590033398976594
6014,63.722902704837594
6015,63.61687913358197
6016,59.67614122186552
6017,61.36822218243388
6018,59.411662534574624
6019,59.65862388060467
6020,60.825725187957836
6021,61.007488287046044
6022,58.558726300571585
6023,60.94839200349425
6024,63.31538697790746
6025,61.95576613995488
6026,61.56851889738031
6027,62.37125875402031
6028,63.291298906822654
6029,59.16979609015054
6030,62.456092940332915
6031,63.336705952005616
6032,61.93304183634168
6033,65.5666939376148
6034,62.691204450754654
6035,65.16715220845467
6036,61.62893350331714
6037,60.509669665919986
6038,63.163201703717114
6039,61.17394740889057
6040,63.73099886258702
6041,63.42845990876882
6042,63.58979117579687
6043,62.142497160714974
6044,60.86593460600303
6045,61.676522877387185
6046,61.61651607411031
6047,63.7264744886716
6048,60.40303151417506
6049,64.25044018799743
6050,58.99044223681537
6051,62.23503970125519
6052,60.74664404942151
6053,62.68037954459947
6054,58.80894996206769
6055,59.82040357016362
6056,60.915340855528605
6057,65.27432920330483
6058,64.20576946533795
6059,61.75967488866073
6060,62.746400216670004
6061,65.45962938691454
6062,62.77224467767414
6063,64.19550167055564
6064,61.75881838885657
6065,62.554663686393226
6066,63.674501053056886
6067,66.71331664633675
6068,60.332386542575804
6069,67.2166384469432
6070,60.97922268733434
6071,64.78891048050458
6072,65.1856855971646
6073,66.22585772341252
6074,63.50306257852524
6075,63.14271156593562
6076,63.639859950504636
6077,60.707354467015776
6078,64.77663944762844
6079,61.546533884821926
6080,64.91208932133138
6081,65.56556907869353
6082,62.29425645110863
6083,66.91683851999468
6084,64.95378719488495
6085,67.70512164367516
6086,65.12042407709636
6087,66.95297705963034
6088,66.98235455367173
6089,67.72838448259982
6090,64.36485505756603
6091,65.75276990807842
6092,63.76802937630554
6093,65.34052138359637
6094,62.20110270589371
6095,65.41691986358478
6096,65.11557547848452
6097,67.0400968083775
6098,66.0479624777088
6099,65.32511565699268
6100,60.75259055948734
6101,62.661016903574236
6102,62.81338357586773
6103,63.28479323576914
6104,64.34503777332021
6105,64.11032587347245
6106,65.02041577304765
6107,64.6036494228047
6108,65.0002845051387
6109,64.33766448495936
6110,63.46982945186125
6111,62.613355273198835
6112,63.030041884239296
6113,63.71363005962938
6114,65.19473884512503
6115,65.67133118439864
6116,64.75531418738531
6117,63.99128504893815
6118,65.99071896977938
6119,65.51324780140494
6120,67.08748547134864
6121,64.08833202622276
6122,67.31073998060093
6123,65.46265802730223
6124,65.89096977960943
6125,63.180565058743056
6126,66.04658558291622
6127,62.79638918469234
6128,64.16389380529323
6129,64.92700947354747
6130,65.287914963726
6131,64.76329904773655
6132,64.86691896738168
6133,64.84659551741215
6134,62.25307184325622
6135,64.75490224047753
6136,65.61118528268817
6137,62.06343112567167
6138,66.16020824820384
6139,62.59454671732531
6140,63.549035729093085
6141,65.25691203295385
6142,62.061604568189104
6143,65.02850461561843
6144,63.934482719516865
6145,65.43050426862152
6146,63.86157736705385
6147,68.30695655167177
6148,64.31443458606988
6149,66.17583800892324
6150,64.76245924876419
6151,68.1915138324178
6152,64.54465871807746
6153,66.94430134656632
6154,66.8354181326233
6155,67.04655975613635
6156,64.4892340266419
6157,66.90618176853219
6158,64.27679253197854
6159,63.0865765996854
6160,63.28180583755592
6161,65.70142619713288
6162,65.85734429124079
6163,63.68747512391421
6164,66.09130890740346
6165,67.09688626867514
6166,66.00623600356286
6167,66.3423436718178
6168,73.34749045516244
6169,65.86322832830409
6170,62.57659905413894
6171,64.5734783196474
6172,69.53372155677432
6173,62.923722666002575
6174,65.12481783389242
6175,64.19687049207823
6176,61.576728716042226
6177,65.53922484488014
6178,67.00777494233603
6179,62.555014829303005
6180,62.986711871526424
6181,64.3186894788481
6182,64.6758422891078
6183,66.39869949001425
6184,67.79583738508755
6185,66.62723312882204
6186,65.7084525613449
6187,63.74354596643998
6188,62.73499586091529
6189,65.47644707932147
6190,67.17873945153445
6191,63.7514840497334
6192,65.54159977713077
6193,60.86733888765363
6194,66.44088448893932
6195,65.82779351799245
6196,66.6140525166677
6197,66.69990284650667
6198,64.34906620735353
6199,64.97315766642691
6200,63.11382994276598
6201,65.07316221942527
6202,67.34766335415931
6203,66.55993498851046
6204,63.44347495797305
6205,66.64651298686948
6206,64.72222338912503
6207,64.67838327439483
6208,63.10721797986421
6209,68.1190197261317
6210,66.21283795594186
6211,65.24292586929117
6212,66.0020442252584
6213,64.72034812869599
6214,65.27147401792088
6215,66.86508894361498
6216,64.8788086294701
6217,66.79979312516792
6218,64.60465628042361
6219,68.59575895226405
6220,69.61509667384621
6221,66.53617647361088
6222,66.82635394626509
6223,65.5196461759788
6224,65.24130363541093
6225,65.97040489567368
6226,64.26878633859415
6227,63.81963894710241
6228,67.2142154602131
6229,67.79583604700169
6230,68.5722814249413
6231,64.88193924838978
6232,65.67720419801573
6233,65.55312529026938
6234,66.34097472796681
6235,64.72415781750144
6236,68.91876003926866
6237,65.64854698061966
6238,65.90312928110082
6239,66.63455980370297
6240,65.31365294851987
6241,66.63188868770368
6242,70.10113981177939
6243,69.19554749066985
6244,65.4992845880556
6245,65.16880994987567
6246,67.18228641273555
6247,67.8271125354741
6248,66.5088367946134
6249,66.75353388001545
6250,68.20647126904618
6251,69.08075584887602
6252,67.47435333635099
6253,68.38255064567059
6254,63.93205534862729
6255,67.58534779621878
6256,68.36964448437644
6257,67.53740529640136
6258,62.78445831216303
6259,63.98580395304917
6260,66.68950439614292
6261,66.1301079541458
6262,66.09109094394388
6263,68.57276968712063
6264,65.70406013586323
6265,67.30329847853713
6266,64.22603064773885
6267,72.3270997364761
6268,68.55943899126795
6269,69.00059475013742
6270,68.23446755388473
6271,65.24938069159087
6272,66.74431307331156
6273,68.15248064325543
6274,65.38491771311396
6275,66.79366007161099
6276,64.71835515853259
6277,67.39064333169064
6278,67.51937466085077
6279,69.1888791939268
6280,63.60932679140691
6281,66.1373479393587
6282,65.14734937902908
6283,64.39213876858093
6284,67.62772197800402
6285,67.19273308485184
6286,63.77202685963876
6287,67.80404841073417
6288,66.87870544362421
6289,65.45667960414252
6290,63.72590049664206
6291,63.752201860301376
6292,64.28199441093261
6293,66.61920288365975
6294,66.37040547589508
6295,65.07891519423016
6296,65.48606323795839
6297,63.415834781516516
6298,65.06163003879297
6299,64.93312562351011
6300,66.613571815076
6301,68.0143510013814
6302,69.35214121692955
6303,69.13439316934165
6304,66.60039646354153
6305,66.12151195214409
6306,65.11183481501448
6307,64.9848556913
6308,68.4852617058967
6309,64.44945364339534
6310,67.81101271277846
6311,65.12711181401195
6312,61.88215173243801
6313,67.08486128618677
6314,65.92882555335179
6315,66.8441582032131
6316,66.65851774750547
6317,67.86989028872836
6318,66.71268884033198
6319,63.29549258919986
6320,65.9805648120971
6321,65.26206106747829
6322,68.24140775478116
6323,69.54695916775245
6324,66.12133487981832
6325,68.0953861781223
6326,64.47948094191952
6327,68.40912179627409
6328,68.98981725066963
6329,69.50897713699159
6330,64.28269276726688
6331,69.55553555090094
6332,66.13857917439393
6333,64.2411674078099
6334,65.50949253501543
6335,69.71059561506527
6336,66.3139766611843
6337,67.02548494077877
6338,70.02946604106839
6339,66.61511151787997
6340,68.6674790775611
6341,66.25695623417907
6342,66.94823346495329
6343,67.59479071144018
6344,67.61781766078175
6345,67.773606059169
6346,67.41321580513609
6347,68.13321980208374
6348,65.72796011882785
6349,67.28817154977035
6350,65.5703405588848
6351,66.33691016786608
6352,69.54196187623442
6353,68.28881347324753
6354,67.95842882085988
6355,63.94084364273694
6356,64.67411542859716
6357,66.43237149057414
6358,66.92304649385295
6359,66.70049321843122
6360,64.70825732582139
6361,66.66703704259791
6362,64.50142589963413
6363,70.26131019192343
6364,67.23407080580859
6365,67.50379922676258
6366,66.53895345183514
6367,68.64764169827484
6368,68.33542231538998
6369,68.42853355013747
6370,67.99812325432997
6371,66.49135727599192
6372,68.49136666538837
6373,69.52921491520071
6374,65.24732042676105
6375,67.84452730050617
6376,67.21141550299592
6377,64.81320466350476
6378,65.76454343127197
6379,65.2359731423363
6380,65.69682849541326
6381,65.18962393969468
6382,68.53049709909853
6383,67.180543529485
6384,65.79715577297864
6385,68.13350868125625
6386,67.57133556053823
6387,65.69163470019633
6388,67.94754441963046
6389,64.95787017115771
6390,63.094054987429516
6391,66.63147331981502
6392,63.27658408230106
6393,65.28375123527607
6394,67.5084528127179
6395,64.65952790888564
6396,64.8136245795294
6397,63.900364058926584
6398,69.82172853025318
6399,68.06215268336463
6400,66.62383094906173
6401,67.24012744908076
6402,66.26556418454777
6403,68.08135400429522
6404,68.85361053727333
6405,66.79800621994931
6406,67.57114752648997
6407,70.20613808206103
6408,65.02889475270845
6409,63.249475626274645
6410,62.90442507289791
6411,66.88570529470866
6412,65.44919705095433
6413,65.68987619825893
6414,64.41501508997457
6415,65.66210147847086
6416,65.29777986844631
6417,64.73053361802441
6418,66.31609671308898
6419,65.50327296728788
6420,64.74553102939959
6421,68.28600387714887
6422,66.73800622302312
6423,67.79193329955663
6424,65.62657825540788
6425,70.87616431339511
6426,65.51531480560378
6427,68.30988913082213
6428,67.3059472548707
6429,67.03569197591038
6430,63.87203975414982
6431,68.18248236417114
6432,66.66313719845013
6433,71.54979156797198
6434,69.74391990963859
6435,66.77324640417717
6436,68.84976960532643
6437,67.75959943222895
6438,67.27296177166592
6439,64.87998671214208
6440,69.49237745913625
6441,68.32939450750456
6442,66.97769064822413
6443,68.61733237406321
6444,67.17944945397495
6445,66.71594701326629
6446,66.14513677178402
6447,67.11419408857938
6448,65.8966508289575
6449,65.43984529224893
6450,68.80540093593294
6451,64.74386964998112
6452,67.03714330811117
6453,66.89915399704351
6454,65.06412555929055
6455,70.5834507575339
6456,69.29766795862224
6457,70.66956709686916
6458,65.3549599377445
6459,62.944045000997626
6460,66.72086518707982
6461,66.47362900838908
6462,68.5843243459321
6463,67.42234461413243
6464,67.26152409168058
6465,67.84334485281093
6466,67.37917022925294
6467,68.21179668635364
6468,67.34883285941358
6469,68.56585159739912
6470,68.5301627327258
6471,66.03080566705441
6472,68.34858171279508
6473,64.17370103945149
6474,65.9492995361311
6475,68.96566308117364
6476,66.53082583430856
6477,66.54947451944939
6478,64.84911088207552
6479,66.19106758347394
6480,65.6855550904885
6481,68.79933399701798
6482,69.50722213161818
6483,68.73882803255628
6484,63.32516898636976
6485,64.41981719325068
6486,65.74662262292415
6487,63.76548662506038
6488,66.48285167391337
6489,71.85892264189448
6490,66.05356110928683
6491,62.99742325898193
6492,67.29162089269856
6493,65.01206797851098
6494,67.6375256454587
6495,64.21685103997191
6496,63.136911697191685
6497,65.42173233117722
6498,67.65654362963025
6499,65.61338183778612
6500,65.33899799032558
6501,65.29707463457338
6502,65.20667218912664
6503,65.84191369626849
6504,65.19888180780747
6505,64.08197465336006
6506,68.43019932117943
6507,64.15825120969888
6508,66.47194425510094
6509,64.87205837965155
6510,65.5373466097494
6511,68.30018760733736
6512,66.86377905129993
6513,66.18105101050843
6514,67.3265587994398
6515,66.29235487164202
6516,67.48399275771784
6517,65.10206668770122
6518,67.68803608556964
6519,66.36361376392884
6520,65.61010706847541
6521,66.92532714210603
6522,67.86310754733842
6523,64.53999161619362
6524,69.97552328195165
6525,67.25968353100387
6526,69.05123782652029
6527,65.86348692923178
6528,65.933031736588
6529,66.17459763250719
6530,67.10475734648621
6531,67.34501732204028
6532,66.43857415036305
6533,66.51642195946349
6534,67.69060171007577
6535,69.19888777782691
6536,65.80156696776022
6537,66.7734675567282
6538,68.391883084857
6539,66.6287788071853
6540,68.70325101390665
6541,67.22481052600438
6542,69.55280258034142
6543,65.96143444795314
6544,63.45255169577455
6545,67.85142416517733
6546,67.20268007690552
6547,66.71868940779602
6548,66.38687890535654
6549,67.35297914900084
6550,66.68715962518488
6551,59.35942363203457
6552,63.724265263064474
6553,68.29484416656973
6554,66.01170360589519
6555,65.34169691736902
6556,67.7507577596839
6557,65.12257782896643
6558,65.2126866837739
6559,68.10593261826331
6560,65.13479307988587
6561,64.48563405050558
6562,65.10907357582195
6563,65.16146649374636
6564,62.07395974439165
6565,64.01210002907479
6566,63.650855265903054
6567,66.56860657057413
6568,66.18166962991161
6569,64.56876075284065
6570,64.78575847755806
6571,62.75730689117775
6572,64.46920769419317
6573,64.52587636230261
6574,65.23557481901625
6575,66.41002431142043
6576,64.99418061189724
6577,67.21387506735915
6578,63.078053417934306
6579,65.79192591507534
6580,65.13316415969793
6581,63.97136043637655
6582,66.354186523634
6583,65.41516361163758
6584,64.4295314387502
6585,64.20624971895013
6586,67.99289645001099
6587,65.30695215663886
6588,66.18610909974603
6589,67.20193570810522
6590,64.30638866504641
6591,66.6971624740518
6592,64.93675914863866
6593,66.12159677729042
6594,64.69923082622925
6595,66.81897556827138
6596,67.71392457472949
6597,67.06458578608822
6598,66.88494841446177
6599,64.0202680260162
6600,65.36034155587848
6601,67.64290428451494
6602,66.69537060821322
6603,65.49986894289263
6604,67.84435414785581
6605,64.91707840919541
6606,64.29930358803875
6607,65.7419684885111
6608,65.69673151621322
6609,65.0683612545866
6610,64.55668260363423
6611,64.70657183167276
6612,67.43366323027414
6613,65.24944910674401
6614,66.15218568884914
6615,69.19074680672898
6616,67.49890003996778
6617,66.11841895797546
6618,63.28221517003273
6619,59.25659710881668
6620,63.49776439753138
6621,64.9020030977375
6622,67.5217147719237
6623,67.2808570609472
6624,62.600774813757816
6625,61.21187669338808
6626,65.69201981575566
6627,65.19221034883225
6628,68.59332108715817
6629,64.67427034798902
6630,62.76232209203491
6631,62.36616322519231
6632,64.08345525649108
6633,65.68028386045349
6634,62.50484046637996
6635,60.644306279914794
6636,64.97220106578368
6637,66.1994705474614
6638,65.06118700768198
6639,63.650779943647414
6640,67.90738049970652
6641,65.23244213689706
6642,65.10019697444262
6643,63.3374581781282
6644,63.49386432899636
6645,67.33417382595907
6646,62.03438681355757
6647,65.98595698340633
6648,64.28457477536695
6649,63.46712152383037
6650,63.894938138845895
6651,66.61212842115653
6652,68.28280108852321
6653,66.9510807994165
6654,66.55932797945682
6655,68.11121409231924
6656,66.03083462224457
6657,64.63449484713425
6658,68.68196800109969
6659,66.76631009520472
6660,65.19535448992065
6661,63.3199689565698
6662,67.40569743671217
6663,67.85816808009206
6664,64.41813494005312
6665,66.6549490695194
6666,66.42638619680147
6667,62.88878455385721
6668,66.7392764481148
6669,65.59183306100282
6670,65.70533374550183
6671,66.03851535483442
6672,63.255035322982565
6673,67.27883419360734
6674,65.84294748097233
6675,64.4758285259716
6676,66.08879179414919
6677,66.61338395210207
6678,63.493892014283446
6679,65.62034737618117
6680,63.85512600387353
6681,66.88941565962268
6682,66.2009354708612
6683,65.12760816545656
6684,62.535577822337395
6685,65.13759347219273
6686,65.67003141904738
6687,66.00419581722633
6688,64.28724084977941
6689,67.23091409596793
6690,65.38312138245448
6691,63.45704963162627
6692,64.83232362152647
6693,63.151235690593595
6694,62.37577409033431
6695,65.0903933816291
6696,64.24474886603213
6697,65.41360896739326
6698,65.90641092666921
6699,63.28027847840971
6700,64.0730393223644
6701,66.33786062737465
6702,66.30378648191433
6703,65.10759091897887
6704,65.72357999745213
6705,62.733605622930206
6706,65.27906210140084
6707,61.901628726930745
6708,64.12791985799569
6709,66.89407567473069
6710,67.57816578045404
6711,63.264592282647214
6712,63.47306205095183
6713,63.25647302610477
6714,64.05858034052065
6715,66.05816072946479
6716,64.09693830397885
6717,65.01186959122592
6718,67.89464225056969
6719,65.7448066474288
6720,65.21485516924766
6721,63.66367368759091
6722,65.7941713676798
6723,64.27620911652232
6724,64.20745334817731
6725,63.35210305858915
6726,68.20301456965187
6727,63.3566726290434
6728,65.12744928339251
6729,63.71972691296244
6730,67.53067702167438
6731,67.21471219584039
6732,66.47219977801943
6733,65.27889623986327
6734,63.93149692904245
6735,63.45510915440337
6736,64.72413153619196
6737,67.1287611640686
6738,65.88969072558078
6739,65.05006842914462
6740,66.27051513473315
6741,67.25560994531942
6742,69.50412027811576
6743,67.65973985153282
6744,65.75850455000192
6745,66.27374204837194
6746,66.23101828674285
6747,64.3278728005629
6748,67.76467944981039
6749,65.27978896653352
6750,64.32732812344672
6751,65.34154745668823
6752,65.50114481158465
6753,62.43945735941192
6754,64.39285280451318
6755,64.62838228806409
6756,63.29904583799083
6757,65.52173306624825
6758,62.86808129164339
6759,65.66231186446572
6760,64.00872592730583
6761,61.81804532289733
6762,64.96300801416051
6763,63.7695659981421
6764,63.36989376164608
6765,65.13658195460296
6766,63.13410575305975
6767,64.58446582252185
6768,67.83809925814965
6769,67.62951126509385
6770,64.71851586253291
6771,66.3089139271134
6772,69.10308071778864
6773,64.85448401865484
6774,66.02343797327057
6775,67.33612477992449
6776,64.75444546448074
6777,63.3473546374548
6778,67.40200755227248
6779,64.99571317699048
6780,64.51651474350166
6781,62.334976753768444
6782,66.26009726784534
6783,61.7528886058564
6784,67.49366913499107
6785,62.95063860448054
6786,66.28360846374704
6787,64.87559128242663
6788,64.75970102086342
6789,63.910911918316984
6790,63.475185130741345
6791,67.90570314926457
6792,62.81099038038381
6793,64.23094811200747
6794,65.46834892541548
6795,66.72382154556435
6796,66.20998661792005
6797,65.36195308979582
6798,63.78109542103215
6799,64.21303953303286
6800,63.94511988480104
6801,66.11550652194161
6802,64.19541248851128
6803,65.2651373390918
6804,66.82991098092947
6805,65.88080767302685
6806,65.08133181941504
6807,63.70750727234556
6808,63.19611072230725
6809,63.79246473786288
6810,65.3061619075936
6811,64.23940219126362
6812,62.08344708367658
6813,64.43955940907986
6814,64.35353736725305
6815,66.28894747745106
6816,64.31583941432258
6817,63.621421062585135
6818,66.55915141775792
6819,68.32707929248913
6820,66.49232493121575
6821,67.14545151183168
6822,68.29536212434182
6823,68.40793005350663
6824,67.74440520584515
6825,66.80300211625756
6826,65.7228097090902
6827,64.93747373154184
6828,67.16525270669638
6829,67.59169166493817
6830,69.6029828673967
6831,66.98901687022678
6832,63.44638703733192
6833,65.68355495500728
6834,68.98582830821773
6835,68.09741568386342
6836,69.61603112879322
6837,65.49590826619438
6838,66.8841162090611
6839,67.0591210614746
6840,63.63514952468694
6841,65.48898059221557
6842,65.92833202976979
6843,66.29538099445071
6844,64.69272570254512
6845,63.021027947373504
6846,65.95963292058842
6847,61.87889084497117
6848,64.49236115306874
6849,65.68250802229717
6850,66.52780761345612
6851,65.41887842468533
6852,68.67400510972405
6853,63.494767369908686
6854,67.42588335889668
6855,67.12217950373238
6856,65.99985119569837
6857,67.0452218132035
6858,66.56329855350914
6859,64.11870268182784
6860,65.22094229398022
6861,65.52662534526151
6862,63.04071922367836
6863,64.86263650027742
6864,67.42834896375179
6865,63.847413686872244
6866,63.38897448037047
6867,66.51906007985595
6868,62.88098345084979
6869,65.12278093510156
6870,66.02308615657599
6871,65.41592760586104
6872,63.80478142939684
6873,68.97555570569433
6874,64.71571244069507
6875,68.63786934810106
6876,64.86827549008105
6877,63.5550047653516
6878,64.46660700336898
6879,68.45062316674195
6880,66.56544468716868
6881,62.72813350701656
6882,64.92488204077468
6883,67.237964107034
6884,66.20167425711954
6885,66.01100259042094
6886,62.997176488169
6887,63.72337510598655
6888,65.59579212412773
6889,66.42133497605177
6890,68.78481425799853
6891,67.45045298618918
6892,64.55219778966872
6893,69.63497599125125
6894,69.09648663367018
6895,62.71775601803955
6896,65.56481884423638
6897,66.09090978706934
6898,65.35372354589697
6899,66.11094205456814
6900,65.27532273020806
6901,63.851040472925334
6902,62.382770442146
6903,64.68442688059206
6904,68.11210779857548
6905,68.5375345472777
6906,65.59165379292956
6907,66.23950732806793
6908,62.81767890189684
6909,64.72618528668822
6910,66.45451205029414
6911,64.3424638646509
6912,63.736886183543696
6913,65.35537442918981
6914,66.26367812839453
6915,66.47099018194314
6916,69.12327499713594
6917,65.30107557643697
6918,66.28336812230205
6919,66.4045732153873
6920,65.43396919504038
6921,67.75520761113017
6922,67.4828127165997
6923,66.5635757947877
6924,68.20038179361673
6925,66.9575914688789
6926,68.2437506994253
6927,64.85635542488737
6928,69.63804921072318
6929,69.55487948336318
6930,65.74674424113957
6931,68.28581952010789
6932,65.68025602191267
6933,67.56950210187517
6934,65.07171506369716
6935,65.15567083734658
6936,64.79035929068255
6937,65.2018201215375
6938,62.5366013010832
6939,63.42905379430996
6940,63.92471541502276
6941,65.54839021791172
6942,67.15648703512208
6943,65.2241932165552
6944,69.82221526446418
6945,63.73296100762137
6946,65.71429734222068
6947,63.550035731703545
6948,64.2682049243925
6949,65.61018556263335
6950,65.22881319818232
6951,63.7612933610727
6952,65.26295433228893
6953,64.9766098249631
6954,64.13514977777423
6955,63.789433243272285
6956,66.54902422348029
6957,64.32255720017461
6958,64.05048997929639
6959,65.81575325093094
6960,67.29963349563711
6961,64.35229262759819
6962,65.07541486487808
6963,62.73772766678937
6964,64.27023529406006
6965,62.576632466084064
6966,64.87484176398952
6967,68.72612495937109
6968,66.38213624426545
6969,67.45860992218907
6970,63.121564917414894
6971,64.63292167529707
6972,61.87685441612786
6973,62.25566526512136
6974,64.50051729445599
6975,65.90555914655596
6976,67.16893553744322
6977,62.91436777957193
6978,62.06841720404929
6979,62.88698813397925
6980,65.57431842607174
6981,66.30143752227069
6982,66.79352413117333
6983,66.21860310776397
6984,66.16226981220548
6985,65.71721820635153
6986,65.61166875230106
6987,63.182902118195045
6988,62.292495634485356
6989,69.46653543174199
6990,62.546152613348326
6991,64.30098133877578
6992,64.86160011290103
6993,64.63102195980426
6994,65.58292515597799
6995,66.48232955697264
6996,67.67748254779175
6997,64.74526772918206
6998,67.74681526042194
6999,64.65753594831754
7000,63.85042855365155
7001,64.17139602631077
7002,62.38732066270588
7003,63.809135099438315
7004,64.28657888742624
7005,64.67414408094855
7006,64.16534167186822
7007,64.7391732158856
7008,62.74163178526743
7009,65.29465745268227
7010,64.75231651970864
7011,63.41910478733931
7012,64.3058924960375
7013,68.54480670353543
7014,63.2633837867231
7015,62.08237918894814
7016,63.36523710637194
7017,65.61610703739053
7018,63.184763134921496
7019,63.80851776475777
7020,64.17252886246601
7021,61.67852300710137
7022,65.59837480677663
7023,62.965748860263446
7024,64.86269970719844
7025,62.74682440156779
7026,64.47054278407433
7027,61.72012182126564
7028,65.8895290419849
7029,66.29338684480739
7030,64.49204239428899
7031,68.08018399935503
7032,62.57537265040068
7033,64.43133893641527
7034,59.849993338513045
7035,62.2864986717572
7036,62.69274221803749
7037,64.6069346242269
7038,62.70699324339119
7039,65.07541515991461
7040,64.97388593756442
7041,63.269815899989716
7042,63.4579395104829
7043,65.21304531572163
7044,66.97674858642209
7045,63.58809976282063
7046,65.02777666717212
7047,64.10593029586961
7048,61.59609881774951
7049,64.10913900378944
7050,67.85113780419412
7051,64.46263897508278
7052,63.60698332742985
7053,64.4791666826387
7054,62.66058747020674
7055,60.547235125726594
7056,62.09971295858152
7057,64.5259836725432
7058,64.04662005462072
7059,65.26861307592473
7060,65.37365438361405
7061,61.42621601490592
7062,65.69394836558232
7063,66.11197433080997
7064,65.44769163319845
7065,65.8797891155607
7066,61.50432025953631
7067,64.87498275481406
7068,64.33571047796002
7069,66.15523004405401
7070,63.93335039577812
7071,61.79403467676144
7072,63.31029225804504
7073,65.77249911567408
7074,71.59409871283096
7075,63.05666115077832
7076,65.4302786202467
7077,61.503920378984716
7078,61.8877991455345
7079,64.63073552715555
7080,65.21871838507617
7081,65.70774354071891
7082,66.65805461748187
7083,61.17414947162508
7084,64.17539422160804
7085,63.70846430974431
7086,62.947516823393606
7087,66.72755420207811
7088,62.07562418719753
7089,63.83008123564127
7090,62.93699180236456
7091,65.69951345191166
7092,64.92367207506396
7093,62.969892405056676
7094,65.97088403601254
7095,63.1974914883538
7096,65.79614876043485
7097,68.10957055407083
7098,64.6216587234718
7099,65.2488499962269
7100,62.82519905693795
7101,63.41595717072829
7102,63.944029713181834
7103,66.42005621644745
7104,63.7211145397183
7105,66.26124648159235
7106,65.82566957155247
7107,64.7736161562186
7108,66.30470135713367
7109,67.22407221652904
7110,65.04196378997693
7111,66.79583196308243
7112,65.6886693630222
7113,65.4155761759429
7114,64.91849352355247
7115,63.586843172090425
7116,68.40366462386287
7117,65.98125805851782
7118,66.82416643206834
7119,65.24150108234733
7120,64.85045629144281
7121,62.837308266549826
7122,63.11714903782751
7123,63.596854144311074
7124,65.4450903883913
7125,62.54492385419185
7126,65.2223181935636
7127,66.126518016131
7128,64.7265099684688
7129,63.94040305915732
7130,66.6074976869082
7131,66.13955482331161
7132,64.47342583419255
7133,67.8542560997214
7134,66.22423693073925
7135,67.14682473698403
7136,64.5942601746874
7137,63.693167298297844
7138,65.6786979397981
7139,64.3541299972582
7140,66.23249366616264
7141,63.40971358744471
7142,67.43650970311688
7143,61.673765490081635
7144,62.571122803101474
7145,65.81313042352983
7146,65.14189977855477
7147,66.98780948145793
7148,65.60622236524499
7149,62.16420794401762
7150,63.48804917302345
7151,63.0753542438847
7152,68.00136117759543
7153,66.25753875980001
7154,65.13582472467532
7155,66.6611546648148
7156,68.18680321419902
7157,66.0136217780852
7158,67.36153297664849
7159,65.51724293525066
7160,63.249388795466984
7161,65.96418864932332
7162,62.95385855409315
7163,65.61448784330263
7164,64.62851567415836
7165,62.53592681635344
7166,64.59599916300118
7167,66.6355133927333
7168,64.87442578713903
7169,67.24879556732301
7170,64.89073480721335
7171,62.058124563342346
7172,64.85500511642333
7173,65.66978656193758
7174,65.08000012510306
7175,64.47786379637954
7176,60.755360627293875
7177,62.13989989598403
7178,66.22253960151454
7179,64.09062778121476
7180,61.320047141553204
7181,61.45590523062504
7182,63.2978502433413
7183,65.83716132748475
7184,62.254101446738574
7185,63.44164430094619
7186,65.33696633506702
7187,66.91545592553113
7188,65.2067779364354
7189,65.1667013806921
7190,67.64971330076725
7191,66.52476239833277
7192,64.62923653734222
7193,65.07392242466673
7194,63.35201561580664
7195,63.97402517103885
7196,61.96127431745813
7197,67.47484773660396
7198,65.21173868536411
7199,65.89634176797902
7200,59.33939919549484
7201,60.38212844802526
7202,60.19054990088726
7203,64.01723303959676
7204,63.614370482858384
7205,61.41915834380432
7206,64.97599667564505
7207,66.16363192451037
7208,65.44204737295571
7209,63.58028180473213
7210,64.36505632047853
7211,65.9777947668187
7212,66.82823468125964
7213,66.0005655500958
7214,64.18608911448835
7215,66.21382983619014
7216,63.728261918064945
7217,62.208701250382006
7218,65.98429074649471
7219,65.90205509469952
7220,70.558405830061
7221,65.7656794789534
7222,61.919142364643754
7223,64.84206687564716
7224,65.2558822863607
7225,63.93243003689354
7226,65.52324712197881
7227,63.174112693170876
7228,67.04706503571586
7229,68.4602592073022
7230,68.37391292780507
7231,65.08701655496552
7232,65.31117746137643
7233,66.95509515446312
7234,66.47950416028719
7235,64.34184247563034
7236,60.925106796413374
7237,62.89435493319215
7238,61.729194582275944
7239,67.41666750529828
7240,70.6887896745992
7241,65.11179856938374
7242,65.73746955236932
7243,63.93775182326993
7244,65.64288433353302
7245,63.945324299220935
7246,64.8743285662
7247,65.63787831897076
7248,63.25699734455427
7249,66.78579023524948
7250,66.19932461437399
7251,64.51168743245849
7252,64.35982001157518
7253,62.632713287351244
7254,64.22628058737436
7255,64.47112848304123
7256,65.05004560375187
7257,65.08487015038999
7258,65.2513808412415
7259,65.06753340373304
7260,63.452448703173275
7261,62.98816636290992
7262,64.0112696159372
7263,64.46146378059665
7264,61.74447085366119
7265,63.51363383339576
7266,63.409678614717734
7267,66.50953433507749
7268,63.49708595193619
7269,63.194007368710515
7270,63.87388233863035
7271,64.67312279193638
7272,65.49130430965056
7273,66.68959029653544
7274,66.0582097399086
7275,63.38474083372947
7276,66.69434980120764
7277,66.00606968936941
7278,64.5111946746408
7279,63.67026391806306
7280,65.69516773214187
7281,65.34987358908589
7282,62.94034528645159
7283,63.46255747126222
7284,64.80932435997327
7285,66.01203112454725
7286,64.69815916763379
7287,61.946657577952145
7288,65.41169848509823
7289,67.47086462143342
7290,61.45251492953564
7291,64.58360517362821
7292,64.373517737162
7293,63.218663043752805
7294,60.41545815787588
7295,64.13568601276742
7296,65.7472262297514
7297,64.29114941377858
7298,67.34312475617514
7299,67.94832298201224
7300,63.87848898951612
7301,68.05944153471874
7302,62.67363045459952
7303,62.32134804914268
7304,65.22752315875157
7305,61.66389384199575
7306,64.9460281494868
7307,67.22907534049904
7308,65.16182006680795
7309,62.570016305043055
7310,62.633207054087706
7311,67.88736613770166
7312,63.208820278984945
7313,64.89552530510389
7314,65.81708812520793
7315,65.28972152691084
7316,62.932148222951724
7317,65.05016248263243
7318,65.13008547112757
7319,63.557896740283276
7320,63.53958104687408
7321,63.03644966911273
7322,66.47398119711816
7323,63.7616427189952
7324,66.30433902229403
7325,63.64232899522905
7326,63.94588146573036
7327,64.36040503928817
7328,64.92906975421461
7329,64.64357265755883
7330,64.45044916858522
7331,64.63024147620162
7332,63.285279769667135
7333,63.96736453542933
7334,66.41999029862403
7335,62.755928834780626
7336,64.60105564396075
7337,64.7433935647528
7338,62.37587744206789
7339,64.76096433778856
7340,63.28754193962971
7341,62.3756980318142
7342,63.54060278894136
7343,65.50168512995302
7344,64.619942858999
7345,64.95931744937889
7346,61.68389117222165
7347,62.27198952626273
7348,61.11375009384889
7349,62.49160709195921
7350,64.07943426453511
7351,62.528628661279804
7352,63.552220033994004
7353,62.45731552096252
7354,62.64463929646138
7355,60.06474050299927
7356,65.14875149014357
7357,66.16335338193986
7358,62.965298961177176
7359,65.02993215068712
7360,64.94267004204977
7361,62.31739601523575
7362,65.14833130141731
7363,64.62371843306086
7364,61.731577209158196
7365,62.9067556942508
7366,63.16524056822387
7367,61.722608582920394
7368,63.37588499714921
7369,63.23616484645641
7370,64.1764278473246
7371,63.290064015137645
7372,63.61110598634265
7373,63.780138829363274
7374,64.92178906735924
7375,65.00040662945702
7376,64.98748518116001
7377,66.0640163864628
7378,63.75434869589378
7379,62.54017675288534
7380,61.636684372317674
7381,63.54422358676279
7382,65.50959467147113
7383,65.27610202616671
7384,66.65026657684324
7385,64.63652674154888
7386,64.49523935628761
7387,61.926831771391285
7388,64.01492775326294
7389,63.44881464047848
7390,61.67434512128352
7391,64.48729321407835
7392,63.394497446761044
7393,62.46858734373626
7394,62.879808443275856
7395,62.61769714906873
7396,67.22350724099152
7397,62.84349344025127
7398,63.05990702063983
7399,63.528699150012855
7400,67.39512782462658
7401,63.28821154852013
7402,68.70088429992734
7403,68.01837781966047
7404,67.58231347913936
7405,66.37540896735202
7406,65.37392582226857
7407,68.50216083444072
7408,64.24660258633163
7409,65.51608792632156
7410,64.87889490472165
7411,63.748565419606265
7412,61.85504905225745
7413,66.024347185227
7414,66.26496172931239
7415,62.83500091476721
7416,63.91157930335097
7417,64.56235347795443
7418,66.06519715788909
7419,63.99484754233211
7420,64.22889314645091
7421,69.6326119471015
7422,65.16779105618279
7423,62.999932111728
7424,64.036070870635
7425,63.831488952417075
7426,63.21890231444445
7427,60.38093155776695
7428,63.03711563267818
7429,61.154238678211485
7430,65.35528958331463
7431,65.22584740032941
7432,62.665833311919535
7433,63.127561220133565
7434,60.38248209743233
7435,61.748698712184904
7436,64.40173837092193
7437,63.29916210698019
7438,65.05098186162728
7439,60.81975316566482
7440,62.3078177560248
7441,63.924162500720605
7442,63.30802834026012
7443,66.2676138472068
7444,60.79437748742134
7445,64.13549031297116
7446,61.5198332676575
7447,60.930118156703735
7448,63.4119109373057
7449,63.32945205942199
7450,61.57455591428191
7451,58.50863928826959
7452,60.30090263595251
7453,58.827558174039844
7454,58.64924171505073
7455,62.15279194825689
7456,61.30287156804193
7457,61.362193199926296
7458,61.24295448600136
7459,62.87676934927483
7460,67.18353271624788
7461,62.73625104838184
7462,60.96243864224753
7463,64.94480897596664
7464,57.93195998482857
7465,58.46739882458909
7466,59.12722809683102
7467,61.619194205625895
7468,60.541052190346065
7469,63.941139986081595
7470,65.15015715158486
7471,65.29902748543682
7472,63.37746163898512
7473,65.86164242292938
7474,66.96224135960944
7475,66.79959948229687
7476,62.931806877338666
7477,64.49639000681596
7478,64.31696681906654
7479,64.59557183224008
7480,65.67640352058146
7481,64.18092602326612
7482,65.80877307163104
7483,67.82643239633613
7484,61.65569390614583
7485,63.61970925299775
7486,63.37786769892964
7487,65.41990031557033
7488,64.60185033220836
7489,64.06866596863476
7490,64.13904052151594
7491,63.40315446311862
7492,65.42072518279684
7493,60.5135491548747
7494,66.14041289404805
7495,63.14984236702046
7496,58.9555755336807
7497,63.016072567021716
7498,63.94503031643478
7499,64.43648955918455
7500,57.65533015206593
7501,62.07888291998166
7502,64.74365122963913
7503,65.71467527166298
7504,64.21622301286573
7505,59.72458895928004
7506,64.59283302798934
7507,66.13138635806895
7508,63.97364098836288
7509,67.51244907806671
7510,65.62810512232639
7511,69.36757930734775
7512,66.26211059413217
7513,62.143285928873745
7514,64.72773264903948
7515,61.74810736342506
7516,61.13982087223996
7517,65.20615840173541
7518,61.21151811874159
7519,63.201032578195935
7520,66.25484005200565
7521,61.977505675906
7522,66.18307460279141
7523,66.35543078160282
7524,67.20396063028262
7525,62.051674299190864
7526,62.16448762479245
7527,67.1053033057136
7528,62.764612223311985
7529,65.31037618227552
7530,64.68183540606564
7531,63.45261189062829
7532,65.02517862435404
7533,65.93967383076598
7534,63.25179228898221
7535,65.27920691971426
7536,66.6379247973778
7537,63.672611680150546
7538,67.53002084145825
7539,62.966884033594724
7540,63.57218942823818
7541,62.74220000805613
7542,65.36344925024562
7543,63.213913520325455
7544,61.403766526852124
7545,63.406947816065646
7546,65.64403149550229
7547,66.04050161237618
7548,62.524666991349065
7549,60.30143302422044
7550,64.21677400014843
7551,63.50883019751888
7552,62.73845047605682
7553,62.62900175412461
7554,65.56751022757074
7555,64.9251370068552
7556,65.57625596995635
7557,64.53514501685062
7558,63.43985260336562
7559,62.88139408039113
7560,64.90562786000686
7561,65.26898255770199
7562,66.62178620673997
7563,62.714052241459925
7564,65.09099971814224
7565,62.96941616380291
7566,65.14152607832166
7567,62.21343907960696
7568,63.803547852399994
7569,68.15599544435028
7570,65.51868268819783
7571,63.08888071605223
7572,62.80677656005827
7573,65.54033599450463
7574,65.64018960706179
7575,64.90304876996754
7576,64.64841613895639
7577,63.15225289681211
7578,60.57451287046221
7579,62.621629497339015
7580,64.67107975768455
7581,63.287818522023294
7582,64.96545343905619
7583,62.56104733586045
7584,65.01132788249522
7585,66.34709890115373
7586,62.98658786074005
7587,64.96505728820048
7588,66.79923753611209
7589,64.49464904625981
7590,60.20026377971704
7591,64.88057719211754
7592,65.5794339984187
7593,59.83432778225832
7594,59.7348111152575
7595,58.121184247503315
7596,65.68682142183889
7597,61.65641633448318
7598,62.064294593451386
7599,58.13885118399152
7600,61.938303415230195
7601,63.514268075591104
7602,57.75969045500502
7603,65.32828187472415
7604,63.0819871563222
7605,60.49194620921177
7606,62.75920270312556
7607,62.04838740854577
7608,62.872522651436945
7609,63.09222786431352
7610,61.21095349420951
7611,63.727654704547696
7612,61.49297853638427
7613,63.964973769916696
7614,65.35516117413532
7615,65.33504824055323
7616,63.08922408902172
7617,60.95799418180593
7618,61.951893465087686
7619,65.58102738409397
7620,66.28693822976143
7621,65.63280486810092
7622,62.66657463725218
7623,61.17640256311574
7624,64.02515680816781
7625,66.44838482319157
7626,61.85255522509044
7627,64.96751383504713
7628,60.11560328085031
7629,61.25300372853976
7630,63.36199596635021
7631,63.83368720189837
7632,65.8962029393154
7633,59.776705695512476
7634,60.434652030565545
7635,65.71833996457791
7636,65.62959061356219
7637,66.0646653611495
7638,63.47293352076143
7639,62.25535314818073
7640,61.09931017094648
7641,62.647611790384374
7642,70.02521600186778
7643,61.50837703942388
7644,66.25870470489333
7645,62.38058132159699
7646,66.44263375478455
7647,67.60845689316282
7648,66.93818417444479
7649,63.82892899233268
7650,64.37856577916058
7651,63.25107996622562
7652,61.430630784246794
7653,63.28833150090408
7654,62.43006474178641
7655,63.06144689555981
7656,63.843310319035865
7657,64.13488675495213
7658,66.81869406688762
7659,65.56124135359731
7660,69.14488394333422
7661,66.71805322718252
7662,63.002709218399815
7663,67.62572035611947
7664,63.30938969040793
7665,63.54810587351286
7666,65.04083364329499
7667,64.59935968541305
7668,64.81627492126148
7669,63.670970644301846
7670,63.84367050308562
7671,64.01312130936506
7672,66.60583324660558
7673,64.078960161722
7674,67.42749092825989
7675,61.084574936312045
7676,64.06867634550507
7677,64.20509173024563
7678,65.00933794986287
7679,65.94947267359052
7680,63.96679788210254
7681,63.334955523469326
7682,65.92147115200144
7683,62.269475664423155
7684,64.97261890775654
7685,63.10037046590739
7686,64.6568372689409
7687,64.86340038782609
7688,64.50319540388021
7689,64.38959387943994
7690,62.56181247109418
7691,64.91028168422586
7692,63.244949953894135
7693,64.05070070220154
7694,65.28643229676226
7695,65.84204732829541
7696,63.320058643146474
7697,60.639910311587556
7698,62.52953202325759
7699,60.86685501530572
7700,60.31988206864766
7701,59.64253872401495
7702,60.56290453082588
7703,61.27106792762483
7704,59.60149143196817
7705,61.10911383761764
7706,62.85420035857987
7707,65.80459990470665
7708,60.76697723953929
7709,62.598579755441705
7710,61.24057593272265
7711,64.63099924133518
7712,58.124094030311454
7713,65.89024604046153
7714,64.20695369948992
7715,61.88127805244338
7716,62.98345865313864
7717,61.03052925120963
7718,54.59997720398021
7719,60.32246200315515
7720,64.74775670402838
7721,67.39161827075534
7722,66.35328101537607
7723,67.81153402999993
7724,62.61266437129779
7725,65.50467747379498
7726,63.95170003114592
7727,64.97074003024792
7728,65.9291662818017
7729,65.42094371639936
7730,62.81737317744193
7731,60.67803375963699
7732,64.49179071652345
7733,63.85512703828004
7734,59.224900127499176
7735,64.18885003893452
7736,62.92911921698337
7737,64.58206017458177
7738,61.943459251279464
7739,65.26407164211871
7740,60.30864889265002
7741,60.367896987744565
7742,63.08617963288881
7743,61.37160784558496
7744,62.002866841294434
7745,59.12463980337976
7746,62.22472086599535
7747,59.35354695733037
7748,62.41356521798849
7749,61.459637002510775
7750,59.881723854991485
7751,66.90381926493218
7752,63.30722885762128
7753,68.72476467703774
7754,62.06944686415396
7755,64.25463895612168
7756,63.40668367663976
7757,65.8581788715256
7758,63.498598086490894
7759,61.94938635376831
7760,62.842339258427835
7761,64.01942589628626
7762,64.01002460920319
7763,63.808038847469234
7764,61.81770039692332
7765,65.97181168025367
7766,67.23209814973707
7767,66.35857671405694
7768,59.7431861510033
7769,63.84074144136556
7770,61.93278033985135
7771,64.02073899348107
7772,68.29886980726391
7773,64.02700520770722
7774,66.11436337489653
7775,62.93021274712614
7776,65.3461523307657
7777,63.028324093911124
7778,60.7480951664575
7779,65.66586770143877
7780,64.8896837618258
7781,63.17909565771567
7782,60.17190580889897
7783,64.8776409948452
7784,62.89830197841227
7785,64.5763852135775
7786,62.29161405284601
7787,63.00382287626713
7788,62.47202244844743
7789,65.04844435377632
7790,65.64636395183082
7791,65.35758519992584
7792,66.63621580420985
7793,64.76563588733293
7794,65.43627784524956
7795,68.2021378720084
7796,62.49742770650803
7797,65.43663517596903
7798,66.51731363568919
7799,62.3130460164688
7800,66.1833645243671
7801,63.32654416126727
7802,65.4297461560052
7803,63.37776410795481
7804,63.83421367581258
7805,63.518579462140494
7806,66.80466787927885
7807,63.91769355170466
7808,63.01610539144688
7809,61.18468193812804
7810,65.17032550091645
7811,65.00133322436731
7812,67.53579251342366
7813,64.95299617204205
7814,62.65923076306968
7815,64.46096271315271
7816,66.62265554642332
7817,64.50460888505555
7818,68.76933390503004
7819,66.35290755307796
7820,62.944532828756294
7821,63.47674222571807
7822,64.03983312330027
7823,64.60167270645876
7824,62.6862439527697
7825,63.16002796871613
7826,63.29097442329331
7827,62.89657779288823
7828,59.971637392377474
7829,65.52350861805475
7830,61.0855340197323
7831,65.84039384419889
7832,62.90351479411335
7833,62.3349438726875
7834,61.764054751651145
7835,64.2128276889407
7836,61.75760543789458
7837,63.61539214967993
7838,65.89968167584075
7839,64.93694021883678
7840,64.25356045561475
7841,65.70289297797072
7842,62.84103670796286
7843,64.85574955651845
7844,65.47284064231401
7845,63.79296051373006
7846,65.79155181210457
7847,70.60454534998895
7848,67.32069591810124
7849,63.782368496610395
7850,64.230463223722
7851,63.83693965581234
7852,63.71182765840406
7853,63.91409618077265
7854,66.38948816924665
7855,68.3866337964083
7856,65.2032751927715
7857,63.02759333914773
7858,64.08174383179421
7859,66.13670193145313
7860,67.30335968904012
7861,66.84048647181356
7862,63.63031148442547
7863,67.90079738282081
7864,63.88339820738602
7865,64.07055021734402
7866,61.82081552118076
7867,65.75359924374041
7868,67.18704420800498
7869,64.75756134018548
7870,66.25183927732584
7871,67.12081148474044
7872,66.02898831754723
7873,67.92793567391105
7874,64.76191603489826
7875,62.97066539163925
7876,66.10573505877329
7877,63.47529245573689
7878,67.51986141463736
7879,66.35918200780867
7880,65.50597592067726
7881,65.34195093199288
7882,66.20714016376355
7883,63.98673229255142
7884,66.70823430611661
7885,64.93756092225512
7886,67.9527665540468
7887,66.5842968563638
7888,67.37575659692983
7889,63.54258577946145
7890,65.28360427681541
7891,63.076944366182886
7892,65.54117272391561
7893,67.89642379989994
7894,66.45973305431602
7895,68.88825857857057
7896,67.25026136935209
7897,66.9423618310984
7898,65.01355115654658
7899,60.596070430017214
7900,65.61074357758264
7901,65.28369626889756
7902,67.95797569408342
7903,65.47945946610896
7904,66.32496223259551
7905,66.5531728862109
7906,63.650721057178124
7907,63.231901177810116
7908,65.07385546878278
7909,66.75900664389798
7910,65.53745132574511
7911,66.06440166091085
7912,69.09441640972842
7913,65.20464981441638
7914,64.5750075352217
7915,62.07128534472496
7916,63.52183684199005
7917,65.20017370769871
7918,64.62047591538453
7919,66.57991986220469
7920,65.27463892461861
7921,71.60636566394997
7922,68.53065698225325
7923,64.64560769981212
7924,68.29351904926736
7925,68.963022016224
7926,66.91497356033487
7927,68.13577596320059
7928,68.42801165381253
7929,69.25944374837223
7930,63.95611895787166
7931,65.13001942308667
7932,63.80184303709164
7933,64.48139961445128
7934,64.74559655997865
7935,66.49453428334496
7936,62.90117888293631
7937,64.63907265402688
7938,63.853716080935534
7939,64.63598735715806
7940,64.33611527962331
7941,66.75199661774931
7942,68.27286073043163
7943,65.55405120794913
7944,67.71990380488157
7945,65.51444267759253
7946,65.8441030656075
7947,64.76534793992333
7948,65.82776489511798
7949,66.51458206094944
7950,60.641553417741406
7951,63.22434967040946
7952,65.45019594805365
7953,65.23168841667
7954,63.274661018366494
7955,65.61850326366327
7956,64.97489593256418
7957,68.27243976020138
7958,64.51098684709879
7959,60.61257954705203
7960,62.81247991674443
7961,63.883344495605094
7962,66.40319255186351
7963,66.63795912608386
7964,64.48373695521609
7965,64.85146988601197
7966,65.70113657890586
7967,67.94226328151285
7968,64.13125949122319
7969,67.4747248290065
7970,67.61279947986597
7971,66.63159569584167
7972,64.82566518113606
7973,66.93096189181965
7974,65.95685788128269
7975,65.96531756380854
7976,66.3400822983016
7977,64.21322123222266
7978,62.1243778993561
7979,62.47325481211829
7980,62.321691162573465
7981,65.56274691557908
7982,64.50500424892779
7983,64.43227620829252
7984,67.45187735935238
7985,66.01329507468579
7986,66.02352817206922
7987,64.00695676492572
7988,67.07680086994445
7989,65.05909865132402
7990,65.21687148216917
7991,67.04661434246114
7992,67.3227537607701
7993,66.5599198202596
7994,63.37461345073426
7995,61.483460215006176
7996,65.95421265988328
7997,66.40481850897865
7998,66.20885942332613
7999,68.02922734919841
8000,69.20558036457568
8001,68.70578989639398
8002,65.98333119631207
8003,69.34195419580496
8004,68.89782802801665
8005,64.48081776581904
8006,67.32353347661005
8007,67.51959164283858
8008,61.673565993256645
8009,65.04591918584318
8010,66.19899279866696
8011,65.79875745904037
8012,63.34658874558016
8013,64.11805297224356
8014,64.02879473475895
8015,61.446499973800194
8016,66.00111923363438
8017,66.47663311256375
8018,66.89432467467122
8019,65.85396248916554
8020,63.84123352083012
8021,68.09827705419865
8022,62.6472286924464
8023,64.02575231590097
8024,63.24159050879089
8025,62.7644603890943
8026,66.65520721580249
8027,66.94958673174106
8028,67.82398033957277
8029,67.16186320388557
8030,70.44767323536871
8031,67.8960116752906
8032,67.94161766278918
8033,66.09430206024146
8034,66.6865888172122
8035,70.08737100060705
8036,65.9151576233265
8037,69.39192805993872
8038,65.97739909098132
8039,66.80818287163946
8040,65.48060641335705
8041,68.08424794510803
8042,64.43583594302348
8043,63.00935368094374
8044,64.61142622446077
8045,67.64448612648758
8046,66.7403912509812
8047,66.74168282400913
8048,64.77225350329677
8049,64.96633242012102
8050,67.33005783563223
8051,65.3055590515013
8052,68.19428347460149
8053,66.15370915141304
8054,64.77285320562527
8055,68.59479878358073
8056,69.88023924738036
8057,69.15844439416824
8058,65.91075193572031
8059,65.1650356717351
8060,62.24993690169061
8061,63.98674639890362
8062,65.3239217910232
8063,69.36866188737528
8064,64.70203119424092
8065,69.2889824356953
8066,67.34376395920124
8067,67.93961561860527
8068,65.3739764917394
8069,66.56165884986052
8070,65.96606342006154
8071,66.65941107987618
8072,68.90322413033299
8073,60.466029665126726
8074,65.39348152941939
8075,69.78482730652912
8076,63.8274910741142
8077,65.04600189693247
8078,66.43080243041322
8079,66.05854081794713
8080,65.69306017362562
8081,66.63043922869858
8082,65.76045709935218
8083,66.1033169079877
8084,67.62052471803207
8085,63.85322142764071
8086,63.03825892470741
8087,68.02709019774714
8088,62.71915257007488
8089,64.12414707800926
8090,63.042275947512366
8091,63.86488770240071
8092,61.52636379312729
8093,65.30936271629508
8094,65.21356520323432
8095,66.01891246945789
8096,63.46704395527819
8097,65.2176435451913
8098,65.77737326005521
8099,64.69193285335469
8100,66.37463301852542
8101,65.64936275008527
8102,66.71428689041382
8103,66.83656293174963
8104,67.21120406168035
8105,66.2808252865124
8106,62.1710048680923
8107,67.32342137589366
8108,66.35606873100016
8109,65.99138292027558
8110,62.74881056945695
8111,65.40747378449745
8112,65.20933881263069
8113,64.24170207702537
8114,65.29360979228065
8115,66.09056187919113
8116,68.44919763208726
8117,63.83725032765899
8118,66.24199490659328
8119,63.38796461292138
8120,63.24962908833436
8121,68.35031357915801
8122,64.41602083032294
8123,63.32617920850932
8124,64.23598656670075
8125,62.366189427572856
8126,66.23149357106524
8127,64.22391092279047
8128,63.940717491282676
8129,69.93056363668917
8130,66.62829282008191
8131,70.47591262074663
8132,67.02244603344326
8133,67.66100018901928
8134,68.17694566355611
8135,67.25520645160533
8136,67.34048319313912
8137,66.05068741277766
8138,69.4173849509068
8139,64.8122510278669
8140,68.19099733507734
8141,64.33089850628377
8142,63.821393967344875
8143,67.37909775136497
8144,60.42182981015301
8145,65.05087339178229
8146,64.31075520878936
8147,63.81894033169351
8148,64.58207193806585
8149,66.4227114534399
8150,66.49445915749314
8151,66.16430170321648
8152,64.20830363326381
8153,62.13844599105067
8154,67.37002379181241
8155,67.40663210467258
8156,65.04112331586967
8157,65.99326608016605
8158,67.35868390641016
8159,63.22635203342635
8160,65.88645022503015
8161,66.17877349795351
8162,69.17119707778018
8163,64.40492251048622
8164,63.16836781551064
8165,65.93150226519535
8166,63.197785834763785
8167,64.12075465794891
8168,61.47377350969313
8169,65.91565563421868
8170,65.11832598325357
8171,65.78725010766702
8172,66.67467115976419
8173,66.08212002466483
8174,65.61023066997475
8175,64.27584501667359
8176,64.05654632129374
8177,66.76314939034657
8178,65.80024948039951
8179,68.05017296351677
8180,63.30804636748031
8181,63.065711554682395
8182,67.2194750602969
8183,63.8853816486581
8184,65.11924989658279
8185,63.68088345439576
8186,63.47990259680911
8187,65.71775433369122
8188,65.27093056286955
8189,62.9374045445806
8190,65.7747774928686
8191,66.56387766106202
8192,67.13279034212756
8193,67.74575752594906
8194,68.70165529933298
8195,65.49111199623212
8196,65.13553042293344
8197,63.390932002558294
8198,67.41096883830384
8199,66.86845925860631
8200,68.33191951681329
8201,65.18422509608965
8202,63.37244732599287
8203,66.96422778963407
8204,63.40095639079259
8205,65.89812335919319
8206,63.668482624170345
8207,67.22769050553987
8208,64.43609213585023
8209,66.66680601761138
8210,65.148564814408
8211,61.80684567905949
8212,65.76276588342259
8213,64.35227936278572
8214,61.860088486453414
8215,64.20776321501185
8216,64.4530243790187
8217,65.37060113536063
8218,63.426367809753195
8219,64.57507477277724
8220,64.64428990589626
8221,66.93972506531667
8222,65.38330041126596
8223,64.81976885962717
8224,68.82201015183452
8225,64.3222164546124
8226,66.19887388931664
8227,61.64187790720587
8228,66.36892550945286
8229,67.45393552029999
8230,65.23079660471238
8231,68.67087868551309
8232,63.36911270139606
8233,64.63807487451952
8234,68.2406899154433
8235,67.38224664105338
8236,67.72916666230732
8237,64.37763391207378
8238,69.05512221234943
8239,68.73880126764445
8240,61.56567840691705
8241,67.43701919714805
8242,65.1635607325245
8243,65.58888701030743
8244,62.67030516195393
8245,66.08189247066282
8246,68.0000917029271
8247,68.36601561994944
8248,66.81062912132151
8249,66.66321509339096
8250,66.07395293094051
8251,68.1088461181418
8252,62.75012503820681
8253,65.1475045272681
8254,66.14486537340973
8255,66.33281122387207
8256,63.11348413007327
8257,67.53773082727415
8258,67.88220148221069
8259,68.56253961475768
8260,68.01822397887882
8261,69.66340949331128
8262,66.16905517380887
8263,68.4929108216622
8264,66.64318732745808
8265,65.09155837213873
8266,66.87858710442892
8267,67.11780486687489
8268,63.64118538752997
8269,62.50539395906121
8270,66.3397909274961
8271,67.84226073679534
8272,67.08957595079012
8273,66.69266994302791
8274,69.45817245334837
8275,66.80501631364034
8276,63.73652940567475
8277,65.92379305434672
8278,67.2154114210103
8279,64.73723198850077
8280,68.07018617352547
8281,64.41693828410473
8282,67.79763670595602
8283,63.75844532206809
8284,70.73744421945057
8285,66.70866629640449
8286,68.52567990094873
8287,65.12594667393854
8288,68.10914153937722
8289,65.52275336030397
8290,69.50956824699192
8291,70.8290401197302
8292,65.7015567589742
8293,66.84893597965547
8294,70.1445412075515
8295,67.84295590530132
8296,67.10119600857263
8297,67.76776815097428
8298,66.94704470633532
8299,66.65191580166947
8300,66.07166936773152
8301,65.69592465948865
8302,66.83171360323732
8303,66.21153677036158
8304,64.35300452698462
8305,68.18548751450417
8306,68.17375820250442
8307,70.9087166485263
8308,68.6330785192538
8309,66.89456448168218
8310,67.16974017401702
8311,68.57524827762758
8312,69.44415001087975
8313,68.42628747416497
8314,64.91977384211577
8315,64.16370389238271
8316,66.14316513895642
8317,66.41162539536722
8318,64.76022297460821
8319,69.51070941323358
8320,64.21845289642765
8321,65.39212210469715
8322,67.35650921563239
8323,62.025697658894636
8324,64.21043622412012
8325,64.60928226115318
8326,65.54523337003116
8327,65.66997164306835
8328,63.94858937786892
8329,62.57809779124806
8330,60.68548611344272
8331,63.239360292387026
8332,64.31254051463148
8333,62.06222021642459
8334,63.684404924239196
8335,65.76688453535515
8336,64.13327877978925
8337,61.57399197882098
8338,61.410097142081185
8339,63.56525074270043
8340,62.849500240876395
8341,63.99978435953048
8342,66.5099685667835
8343,65.88824471961055
8344,64.18045097168896
8345,65.13741955146659
8346,64.95597680468167
8347,64.64821493613115
8348,66.18504472184377
8349,67.62906558646444
8350,65.8810532901099
8351,64.0203183680511
8352,65.20976928213913
8353,63.4872186715887
8354,66.61690890329237
8355,67.58342444491218
8356,67.15758406870059
8357,63.81293132226666
8358,66.04370867795187
8359,63.9045688862203
8360,65.55401051189772
8361,60.89015297367261
8362,65.82597407469964
8363,65.05451585970258
8364,66.40627832384297
8365,66.647086293937
8366,65.93663954958588
8367,68.13065469654696
8368,65.57452276813946
8369,63.622015795173006
8370,67.44194208053003
8371,65.03160143890777
8372,62.93566582191989
8373,63.3867401457387
8374,64.02753386901207
8375,62.651167347964275
8376,63.584444916892615
8377,65.33348255565585
8378,69.09942134403967
8379,65.645271984011
8380,65.31183385508038
8381,66.08111023007514
8382,62.60895571535181
8383,63.90859962749594
8384,61.92727657096806
8385,65.13449193824422
8386,65.67007068915075
8387,64.02074017017492
8388,64.21994069726306
8389,65.89629482423233
8390,61.24215183500963
8391,62.07017060596891
8392,65.75641010591961
8393,62.86018580774804
8394,67.48811241583357
8395,61.531300247221004
8396,62.9893583714489
8397,63.82760253445103
8398,64.75883352655232
8399,63.438302205141575
8400,64.6828112422568
8401,67.80084771703652
8402,64.5021176512473
8403,65.59384678252803
8404,64.56999975522713
8405,65.9332766049027
8406,64.28716161807698
8407,65.22083547959743
8408,64.79910657487133
8409,65.51148768054611
8410,66.25482006140425
8411,62.94229920803985
8412,60.933562469865684
8413,62.36802334969928
8414,62.193693293047815
8415,66.39021142352439
8416,62.71178485219549
8417,61.5762386516255
8418,66.3521686109826
8419,65.69191767553049
8420,63.892019204917766
8421,64.39187905924342
8422,61.78831036492265
8423,62.45211982434994
8424,62.13611119887604
8425,64.51854449258403
8426,66.73088828470102
8427,65.42816137695749
8428,67.3816807539709
8429,64.77766500793778
8430,63.16279958279541
8431,63.925902292659565
8432,64.68162654060009
8433,61.126136575788756
8434,61.24602581317754
8435,62.98541476804795
8436,62.26545734706681
8437,62.7306162373149
8438,66.00144444752604
8439,65.34328499255767
8440,63.64205076140725
8441,65.51348191894418
8442,63.99783814529486
8443,60.69027471615128
8444,63.449332354688615
8445,66.35309410015496
8446,63.87493778594299
8447,65.72625172702502
8448,63.115179819205395
8449,65.01099944942484
8450,65.59329724797968
8451,67.40494811865095
8452,62.20180536174921
8453,66.96033369912911
8454,67.50753417698697
8455,63.28811525732961
8456,64.50407485682854
8457,64.5447092662958
8458,65.52849681244544
8459,66.11529464132282
8460,62.269212280824235
8461,65.04579075634483
8462,62.39334324980934
8463,62.52097222486786
8464,65.83112491173506
8465,61.45408578931136
8466,64.25274321362357
8467,63.41041416222115
8468,63.62537450457823
8469,65.49619943586782
8470,61.99035919799578
8471,63.154233986117404
8472,62.19709345736083
8473,65.87810769661114
8474,63.86672412636466
8475,62.9209882748073
8476,61.461900353706476
8477,65.11901162096005
8478,65.18052334786873
8479,61.65212059763567
8480,62.25615539188867
8481,61.642877396457386
8482,61.235773445516664
8483,59.780525523849555
8484,60.800685715349886
8485,62.01709620951719
8486,63.788139548589385
8487,61.526267798673
8488,62.84296615552331
8489,62.22465201525159
8490,60.252848045417494
8491,61.46399903149667
8492,63.51488472883182
8493,61.41808732540245
8494,62.02624478583795
8495,64.46165702888948
8496,62.34059317041898
8497,60.65091479878555
8498,63.28191786659299
8499,63.06885028491522
8500,64.51652675248097
8501,65.61576607766558
8502,65.47176177011414
8503,63.091140389492146
8504,61.921449439456794
8505,64.70094331081575
8506,61.78827806803641
8507,65.2324499171221
8508,66.60623063983549
8509,65.62826158462231
8510,63.86495391931792
8511,63.405311951175754
8512,66.20637264514309
8513,66.93322025419388
8514,65.76949395029816
8515,65.75591211327858
8516,66.20757056380857
8517,66.22586671066962
8518,68.13358109582418
8519,65.87776754266056
8520,64.53266448124809
8521,62.69091465130696
8522,62.543277391020496
8523,63.865967003709144
8524,62.26401830564233
8525,66.53266876053729
8526,65.1926495485846
8527,60.35085550629134
8528,62.09494063376014
8529,63.924157979610264
8530,64.22208426686713
8531,64.20666972360044
8532,61.78386994830233
8533,62.516744572239034
8534,64.12097721131265
8535,62.47560663197571
8536,62.991893081692126
8537,57.48596224996159
8538,64.56687585955915
8539,65.92710631150142
8540,65.11406272263227
8541,65.42146171751021
8542,68.54575461519671
8543,65.09325158217099
8544,64.10109959831017
8545,65.9116050382112
8546,65.01298783854398
8547,64.40805307540703
8548,64.17521973327365
8549,64.77725028975208
8550,64.05693202070852
8551,64.44461402928717
8552,65.27908349104524
8553,61.95681494545927
8554,63.619599739433326
8555,64.54408643647274
8556,62.164249464161955
8557,62.99271780051909
8558,63.835622265450645
8559,65.20206047918694
8560,65.55567668125927
8561,64.36163283981075
8562,66.72868234938966
8563,63.4195338192582
8564,64.04745530566957
8565,64.28298648541268
8566,64.87381595245827
8567,64.55695618152613
8568,64.52347712296232
8569,64.64052172047776
8570,66.87960885139744
8571,67.71969942280926
8572,63.360671990121176
8573,66.40789948083679
8574,61.679178122789054
8575,64.62818863606681
8576,64.80764681837627
8577,63.76066270114903
8578,64.04079280667868
8579,64.31955381831364
8580,65.4281131701536
8581,65.44407423501941
8582,62.4812434245921
8583,62.78688776014219
8584,64.3819552808905
8585,62.47756958397078
8586,62.36168762165032
8587,65.2355399250792
8588,63.700859980900894
8589,63.87349866171132
8590,64.75706884921003
8591,63.36369589394541
8592,64.83252434667351
8593,63.6689044164453
8594,64.77660257316874
8595,65.46595161922703
8596,64.22837801367038
8597,63.32753896607767
8598,67.83014413428877
8599,64.18178666728515
8600,65.08308294503254
8601,71.01203680975993
8602,65.63837309509431
8603,68.27816214525954
8604,63.883485785967956
8605,60.998551808394886
8606,60.290290615439545
8607,67.61879278922083
8608,65.80953205595577
8609,63.5483786987443
8610,64.76849675610158
8611,62.214274990058065
8612,65.13780579191095
8613,65.11711647763407
8614,66.42920829935518
8615,66.14780289137425
8616,66.6377946224467
8617,65.08654292053488
8618,65.46822799958258
8619,65.06808193412104
8620,63.04473206675922
8621,67.18926011034198
8622,68.69899935570253
8623,62.55748992285476
8624,65.13411096506567
8625,64.75067259014004
8626,64.66895932612614
8627,66.74492843220297
8628,66.99664588141155
8629,63.94086342684832
8630,67.97946686385465
8631,61.692946877304095
8632,63.8587164481637
8633,63.442917131838925
8634,65.55901766975806
8635,62.73349976804925
8636,62.22346060766447
8637,63.71690776950918
8638,65.21775018222151
8639,63.37597460479732
8640,61.7437453215408
8641,66.65720069243696
8642,62.4587996875476
8643,65.06996235819202
8644,60.00941245585665
8645,59.38578841552701
8646,62.137496521110016
8647,59.57052685614383
8648,59.630187387241726
8649,60.83289719883373
8650,63.90197922327601
8651,63.75875545174689
8652,61.675664911518
8653,62.731047730933206
8654,67.77130934480138
8655,61.13488719302477
8656,66.76289060890984
8657,60.361438836860415
8658,59.64795926611541
8659,61.3074794235424
8660,58.97884078069938
8661,60.69789229839704
8662,56.22574747151368
8663,61.22480551091551
8664,60.06807689809525
8665,63.22622317637953
8666,64.2241598586154
8667,64.57872963006918
8668,67.14629544900862
8669,61.21638393505222
8670,63.83677323725563
8671,64.40397035066877
8672,62.07306706535541
8673,67.12734620493201
8674,62.520198058155316
8675,63.70328963918307
8676,64.150862436932
8677,64.23526158157745
8678,62.58798502620925
8679,68.01266496623518
8680,65.81151655519442
8681,65.41053678902563
8682,65.78874099687113
8683,64.1834132633507
8684,64.78371014096778
8685,66.03749593188589
8686,62.696119251956674
8687,65.9591358640237
8688,67.68801317023642
8689,67.04858721958541
8690,65.6799896197094
8691,65.73310119142928
8692,64.94443099716509
8693,63.579833434472974
8694,61.62320237509179
8695,63.945077175047764
8696,63.805626052488265
8697,61.973262390390175
8698,62.46621986912628
8699,61.41266006990863
8700,64.82340406689985
8701,63.340033939430235
8702,67.15696704610896
8703,66.66995761245983
8704,65.80742888402824
8705,65.18999299050232
8706,65.9759744404402
8707,68.52071753405812
8708,67.36287238448867
8709,66.33930136994547
8710,66.51242596749732
8711,65.29627511445442
8712,68.94677460792617
8713,65.97979946866849
8714,65.57841135489038
8715,64.56572035905683
8716,66.44310988804533
8717,66.12166456834046
8718,66.82419026688572
8719,64.61376261459804
8720,64.3342854507283
8721,67.0155359857316
8722,66.53429463628615
8723,67.41956077671274
8724,64.94686637008256
8725,64.72896603464181
8726,65.58344518712758
8727,65.23084329151952
8728,65.46487093957931
8729,68.78044635863685
8730,65.14012445403876
8731,65.68550456587771
8732,67.63700686282193
8733,63.50236551768338
8734,63.41731939139166
8735,65.6688732943636
8736,65.71013589470502
8737,65.32195762681559
8738,63.97487013869626
8739,65.25415184078237
8740,62.83946730234869
8741,64.540980429916
8742,63.54807242835562
8743,65.97472729910803
8744,61.014277277183
8745,62.54163435193426
8746,67.05962124624149
8747,65.62756135143125
8748,62.452658448190476
8749,63.37077203229865
8750,66.17265384325384
8751,63.10926563917307
8752,67.84005475167669
8753,63.83890240038172
8754,65.27226768006732
8755,63.02291302239159
8756,63.2272202199025
8757,64.26113978078693
8758,64.10995284473141
8759,64.67405663431758
8760,64.00402315009303
8761,64.13969433901453
8762,61.59882139875284
8763,61.99276664982166
8764,68.89032145626828
8765,64.1576976770287
8766,63.15819931466986
8767,66.02042691960092
8768,64.08541143150761
8769,65.63249612616032
8770,64.59726022979515
8771,64.28313337711272
8772,65.73034879122639
8773,65.05743620870233
8774,64.87265726731519
8775,65.93007834802795
8776,69.3158884779911
8777,66.50849453695336
8778,65.25818927598424
8779,66.51474149091584
8780,65.95585070346849
8781,64.22864244627098
8782,62.07237187060313
8783,65.92889037232109
8784,65.08131758584938
8785,65.54313547322919
8786,67.07151268037381
8787,63.57225014893256
8788,61.3391999439395
8789,66.1318454528889
8790,66.54531468809164
8791,66.84349523940203
8792,64.12116439131388
8793,65.21075994323441
8794,66.5254155873438
8795,65.150657889095
8796,67.1359211519307
8797,64.68448819999278
8798,64.83373212567805
8799,65.58446544040444
8800,65.13528333249758
8801,63.373570146690724
8802,63.90979509268461
8803,69.80019949181597
8804,63.311546768238486
8805,67.15216750290786
8806,64.64243388077541
8807,66.48358870483013
8808,65.00777752792995
8809,63.66110084803665
8810,61.86159916918296
8811,61.66699682391994
8812,63.16603233082713
8813,65.75638246677894
8814,65.39666216329053
8815,67.29986582405685
8816,62.1167940253301
8817,65.04232907791001
8818,65.92095781468313
8819,62.8047799252741
8820,63.155747565053126
8821,63.479328048309725
8822,65.66681478062331
8823,66.58871228253335
8824,65.81451658603997
8825,66.06378868045692
8826,67.10609317512794
8827,63.294675598478086
8828,61.49808599395114
8829,69.33901638600616
8830,64.54471312692294
8831,64.21036836782982
8832,64.80562478080307
8833,69.35918607938889
8834,66.14120699223254
8835,67.93401043021598
8836,64.60392495087807
8837,63.0415795989583
8838,67.94674994336388
8839,64.84250944384969
8840,66.98674341285476
8841,68.41034323734183
8842,65.44057512307934
8843,64.69466085864532
8844,62.94104545625634
8845,63.79078023953945
8846,64.77274499527628
8847,64.51098094749292
8848,65.27457797618439
8849,67.18914761260605
8850,63.04847432039688
8851,67.4790791551653
8852,68.9094898699264
8853,65.15296423760677
8854,66.37172001436434
8855,64.79980271526686
8856,67.02275201390749
8857,64.48664818401845
8858,62.65022629217774
8859,66.02712108759195
8860,68.29899061583203
8861,65.44548523559438
8862,65.61590592929957
8863,67.82407094085112
8864,68.0668533465643
8865,66.78322913377036
8866,63.67149046466046
8867,62.01125294267234
8868,62.1708584733517
8869,65.90871957561411
8870,67.32443336934195
8871,68.69096354208814
8872,63.153123483980515
8873,65.91408748670348
8874,68.51814314808635
8875,66.67578195297696
8876,65.01970795411307
8877,67.31261581074523
8878,67.8032602100424
8879,68.23851005246048
8880,67.31263164194449
8881,65.3087001087137
8882,65.39223891602116
8883,67.18048972044939
8884,65.32059923071105
8885,66.68332092754623
8886,64.61584934053141
8887,61.6033975300438
8888,63.52715985587645
8889,64.17137953224396
8890,63.97619036829926
8891,64.40081342729222
8892,63.589732053125495
8893,62.61215569364494
8894,63.73499464340943
8895,66.12749405482633
8896,62.08022703485639
8897,65.24816896155716
8898,63.16145302279386
8899,66.58039600495006
8900,68.1355387047012
8901,65.48291078743698
8902,66.85172039254935
8903,62.56688123314476
8904,61.629869832401035
8905,65.1150201008641
8906,64.57141639015133
8907,65.74716386154184
8908,62.282370156412426
8909,63.29352947116556
8910,65.77172875724933
8911,67.4672030013503
8912,65.75368194817891
8913,62.634462909681886
8914,63.93252786150887
8915,65.50760967675481
8916,64.95252547080702
8917,66.92253046342245
8918,66.14788472166492
8919,63.871126809271814
8920,65.01849785149463
8921,63.49452385596798
8922,65.84353003681498
8923,68.17464731397317
8924,68.8939912546156
8925,65.85946572714778
8926,66.53878261672956
8927,65.50936392275375
8928,63.706359302178484
8929,64.19865377997547
8930,62.776348404256495
8931,62.5287321549756
8932,61.73491773511422
8933,64.59665586425353
8934,65.15354145834014
8935,64.29436871944968
8936,64.54746748419983
8937,63.78695194715647
8938,63.55930577076922
8939,63.326812094532
8940,63.69232137883683
8941,66.99244678179899
8942,64.0755174848767
8943,68.0507815961148
8944,68.20182779258656
8945,63.479972375564394
8946,64.47524739247878
8947,65.23403972068652
8948,63.806037517429665
8949,64.89492972417563
8950,65.19616716359316
8951,65.24800461297305
8952,67.01070656188156
8953,65.59348739667254
8954,63.88523789702989
8955,64.45909035752955
8956,66.7859603339152
8957,64.11710276040881
8958,64.1247742435156
8959,65.45441421710103
8960,63.323311990341665
8961,64.69590506058786
8962,66.51340445804897
8963,63.51638164656298
8964,66.88267164341734
8965,67.2765573687413
8966,67.54139025576896
8967,64.51537214928831
8968,63.90691740672702
8969,63.682798985623585
8970,64.92186663169687
8971,66.41637163805353
8972,67.68800424165718
8973,62.50854714918585
8974,69.66870633581944
8975,65.74073068766774
8976,64.27557589506495
8977,65.89319820365708
8978,63.52361239869383
8979,66.49604440084954
8980,67.55475555462382
8981,67.98653649035376
8982,66.62642969594246
8983,61.817937950464355
8984,63.52957223646796
8985,64.37115977090492
8986,66.24304790411315
8987,64.4625880618149
8988,66.9089151890386
8989,67.68934802567833
8990,67.59229167200237
8991,64.77808180949609
8992,67.32541299950142
8993,66.1655040878776
8994,68.0178268021772
8995,68.63514537478021
8996,66.25052121013941
8997,63.99822285398362
8998,63.88887393926658
8999,64.83815448644678
9000,63.76076556049558
9001,65.07946390788645
9002,64.12769652801782
9003,64.2906273600216
9004,63.157616438776905
9005,62.918702004252864
9006,63.87351218118587
9007,66.01106705220874
9008,68.06365707416654
9009,66.24776961816977
9010,65.58205364847204
9011,63.98529118967049
9012,67.6756734848775
9013,65.32726906989468
9014,63.30111104043753
9015,67.82479269804311
9016,66.03914542834025
9017,63.71485798600663
9018,64.1458206959239
9019,63.87407339635087
9020,64.5817945676604
9021,64.52184782983602
9022,64.589526742689
9023,62.034953831059006
9024,63.811984393901206
9025,64.42487824761788
9026,62.92900354277473
9027,65.39680478944099
9028,63.35147451209341
9029,64.9263246653055
9030,63.58751618117258
9031,68.1999043469693
9032,64.49437913320051
9033,63.84064291544971
9034,66.13496367775339
9035,66.96442879363916
9036,63.86698703830207
9037,65.67825716067696
9038,67.65470703660155
9039,65.02140257565611
9040,67.28940216530789
9041,65.35656925148035
9042,67.57160196229066
9043,65.04554873564372
9044,65.45644343773316
9045,64.26827137444609
9046,63.10407785970471
9047,66.1180648724953
9048,63.321790010437695
9049,65.26924643323031
9050,63.12569551619506
9051,63.70658089452189
9052,66.60127260244197
9053,65.6572369356688
9054,65.42313834001182
9055,65.1412736807099
9056,65.53214206899638
9057,65.79014543396288
9058,65.65487455269333
9059,65.74892937277316
9060,65.20517479321614
9061,64.841487884406
9062,62.6854902176568
9063,66.76223141156906
9064,63.19406771550995
9065,64.03193870098698
9066,65.05637183609524
9067,66.85686924972715
9068,67.42741210577724
9069,62.7106404337375
9070,65.30849958791089
9071,64.36713948158531
9072,59.854357772504244
9073,62.31825712144203
9074,66.13402266791526
9075,62.41872695172966
9076,65.4351093561893
9077,63.96080087364728
9078,63.357698331933825
9079,71.04788127967424
9080,62.6772254351914
9081,67.32788799449325
9082,64.07226090686166
9083,63.315522400368835
9084,63.589579662876865
9085,63.60581063292631
9086,64.52540006399288
9087,63.2070243891588
9088,66.27523438207554
9089,66.70967502808425
9090,66.05585777893525
9091,64.67916458895805
9092,62.522773500420556
9093,63.247059449472836
9094,63.96304580618757
9095,67.01830714288205
9096,64.15865175607702
9097,64.34726965403786
9098,64.48740358116632
9099,61.46900030406769
9100,62.776078956469235
9101,67.00356606700974
9102,63.75078308139206
9103,62.521271707717005
9104,62.74532163063599
9105,63.49957319580856
9106,63.946139643938544
9107,65.36964556613282
9108,64.17721556776546
9109,63.491613182647434
9110,66.30038799722152
9111,61.49449711441643
9112,65.38190774037997
9113,65.8870836097472
9114,63.44099791163861
9115,64.874611866322
9116,66.03376442424465
9117,68.62417756723399
9118,64.11102344232884
9119,65.28483187236635
9120,64.91042594593856
9121,65.59450842665528
9122,63.58463744951331
9123,63.58344166472586
9124,62.37513938107314
9125,64.30816405270647
9126,65.20185471944646
9127,65.55805717609121
9128,64.36943074660283
9129,65.54156115780839
9130,64.17160881130748
9131,63.77810065085254
9132,66.7618311445727
9133,63.123230706690954
9134,65.26395811863156
9135,65.72867060951138
9136,65.32602711172837
9137,63.69012747933897
9138,63.04572011190271
9139,63.968336075797005
9140,64.80004773210952
9141,68.1546500459412
9142,66.82842585557832
9143,63.529124364330286
9144,68.40776357091865
9145,65.24712501926065
9146,61.25306240755323
9147,63.60126863663672
9148,64.01416469792768
9149,66.04763087299726
9150,61.02641838885108
9151,64.84491453740962
9152,66.2690885995172
9153,62.58475571926452
9154,63.606767183375304
9155,64.81738025276103
9156,64.67061422070165
9157,62.052582100772106
9158,65.34498250075664
9159,63.304238966597346
9160,64.25069731120078
9161,67.84131322399917
9162,63.21754705597958
9163,64.96670870147459
9164,64.58293793562528
9165,64.60213563138359
9166,69.71885926267453
9167,66.13112391665987
9168,66.06608466002385
9169,66.35030987396759
9170,65.0598355486055
9171,65.59470277697628
9172,65.8531399820621
9173,65.70366917139842
9174,65.61908150842835
9175,64.84352540396249
9176,65.55579007581528
9177,65.82404089195396
9178,64.42693829441198
9179,63.311119978271975
9180,64.93258439282613
9181,60.83138905577047
9182,65.46496564565649
9183,64.32415599017416
9184,64.195259707986
9185,65.63041296147865
9186,64.40656367043803
9187,66.51047612503844
9188,67.4847401597303
9189,67.32749253362915
9190,65.9444623968052
9191,60.97466464929381
9192,64.88157142583329
9193,62.699517185316516
9194,57.85729941373987
9195,62.1926920225814
9196,60.81718639502635
9197,62.73905805800352
9198,58.34987833435056
9199,64.8194197715452
9200,59.107732420876154
9201,62.507483508901444
9202,56.926475675715736
9203,60.902204184631266
9204,55.94032380903839
9205,61.15300852919485
9206,58.37129255056675
9207,64.85136505117386
9208,58.69941205493853
9209,63.391014444139834
9210,69.19319484993622
9211,65.25977110377167
9212,62.36069038569876
9213,66.0398969454081
9214,60.065713013866834
9215,63.84448729767963
9216,65.42790776344346
9217,63.45183000429876
9218,64.65597927002364
9219,65.8462898632478
9220,67.69704016459247
9221,66.28706691209439
9222,66.19011185027519
9223,67.0482974898572
9224,65.08596772481835
9225,66.2943261350584
9226,66.25660765092827
9227,64.8111738333533
9228,65.34495238566012
9229,65.36264135601134
9230,62.44478724361579
9231,67.05743619671588
9232,62.548405661555314
9233,66.96588186144297
9234,62.37680333434607
9235,64.68761916712086
9236,62.4099348905689
9237,66.73736534333894
9238,64.80172303519652
9239,61.089518192501586
9240,66.61713663640225
9241,65.94174237372195
9242,66.43439942431176
9243,66.37357734661819
9244,65.07927331673578
9245,65.90291638771198
9246,64.9152784589294
9247,65.07200196013633
9248,64.13762835902563
9249,65.63322373841292
9250,64.4126118106638
9251,65.358032092896
9252,64.14228642147073
9253,65.24535010921488
9254,68.10483125402433
9255,63.42176776578638
9256,65.196175477838
9257,64.22492388471174
9258,62.34497632298859
9259,63.935262138625326
9260,63.9073807740419
9261,65.2672397740517
9262,63.3227792258671
9263,61.86320252588611
9264,62.44055621977323
9265,62.37560313959259
9266,66.44826782494762
9267,64.344409826817
9268,62.411213984433004
9269,67.47862611125515
9270,63.53039660017125
9271,68.05974222244606
9272,63.81590807105803
9273,66.19566705577161
9274,64.31384033799607
9275,64.85269606718059
9276,66.97638187043006
9277,63.181743865715056
9278,64.71002406222198
9279,64.98325098498997
9280,65.96326072386643
9281,65.69139418038598
9282,63.48820688695016
9283,64.18191536411263
9284,65.72384061552128
9285,64.58299771645399
9286,63.42626348782576
9287,61.8477968904625
9288,61.43805843370007
9289,62.99491350596564
9290,59.406212626099126
9291,57.603022959944404
9292,61.39868813826617
9293,60.852447900473436
9294,58.81696470949316
9295,60.08998317743609
9296,61.06595406319011
9297,63.496071427482086
9298,66.97985646921894
9299,67.94743493860219
9300,65.52733135361729
9301,60.51975566629811
9302,60.788077904614035
9303,61.92964903535267
9304,66.82965517108924
9305,61.34682623453274
9306,62.710453028457394
9307,68.71550097926858
9308,64.13383359656592
9309,65.39248663149182
9310,65.85880809239328
9311,60.122594253939766
9312,61.149567039893775
9313,63.84902983217526
9314,64.09491263833037
9315,63.669035427754196
9316,65.79161792093456
9317,63.13333874541587
9318,62.48267381733291
9319,64.21117682015038
9320,63.473945304517294
9321,60.84653484472956
9322,65.11514474484764
9323,68.02285800598816
9324,66.03860855935025
9325,64.79471953531736
9326,65.48970143425478
9327,64.87061134600233
9328,64.64560176898556
9329,64.9603708317337
9330,65.21345009258137
9331,65.98283982255718
9332,63.4045607108037
9333,60.42372816725059
9334,62.52768510230331
9335,64.14875206144053
9336,64.15735613280252
9337,66.33326507119621
9338,67.00715156225993
9339,62.281923747528374
9340,64.6718530656173
9341,67.086054704718
9342,66.69215651961461
9343,63.30833884545147
9344,61.783921124288035
9345,66.79365221999132
9346,65.37366868288831
9347,65.97191184913517
9348,61.9540798149384
9349,64.84319653415537
9350,63.599817696883264
9351,62.02765920101072
9352,61.40205232061835
9353,65.38149285243156
9354,65.20370704036165
9355,64.64011485143672
9356,66.209126177789
9357,64.01681345508736
9358,63.341660939883724
9359,63.77483296853707
9360,65.81473790964544
9361,64.12827747508572
9362,63.39088368169515
9363,62.059043328144945
9364,62.75537064920053
9365,64.90212156567438
9366,62.676061338527845
9367,65.46227730261093
9368,63.67741400530086
9369,66.02526713938371
9370,62.083191172970885
9371,60.23618460246928
9372,61.93594759313863
9373,64.5418088946914
9374,62.59758297894976
9375,64.24908925076437
9376,65.44356648585455
9377,65.39125454881764
9378,60.82031445048991
9379,62.78352330312586
9380,64.91644004410114
9381,60.602628776456775
9382,60.7952324931784
9383,61.992478347940526
9384,62.8100982410104
9385,64.95529525227371
9386,63.1182903047673
9387,64.45628774272473
9388,61.669698223167536
9389,62.43592967334872
9390,60.81080408898532
9391,59.697481793411484
9392,63.83080101698501
9393,63.81133214536033
9394,63.832098163520634
9395,67.68272681596986
9396,66.75242900467049
9397,64.22330810197393
9398,63.48520004531535
9399,67.25848181337642
9400,64.9703299479294
9401,69.39698462637601
9402,65.60122052754943
9403,64.72224110089121
9404,63.63309894494092
9405,65.40866740201054
9406,64.17592603579718
9407,63.37495655912211
9408,66.37335640568917
9409,61.98256816252189
9410,64.82374342209901
9411,66.61704450570471
9412,61.56375180220175
9413,67.41736590563576
9414,66.89990617095495
9415,65.79986322253008
9416,69.97004098311362
9417,65.51689546535195
9418,64.76471353310761
9419,67.49122745531153
9420,65.56975417576683
9421,65.90289273481055
9422,61.18061624248705
9423,65.66445595160219
9424,59.70756879461203
9425,63.02378214869225
9426,65.43255889600455
9427,65.9946060355365
9428,66.73091416508122
9429,65.2608780210024
9430,66.17940401501797
9431,67.14024522267874
9432,66.48686419125674
9433,65.94658873024885
9434,64.38411070274474
9435,63.9655925401126
9436,66.93531203453728
9437,63.70881930452866
9438,63.76583920526682
9439,63.02065930412378
9440,65.59704271838142
9441,65.9195071425571
9442,63.80276927616998
9443,66.77630222882486
9444,62.335699889579935
9445,66.71297991309001
9446,64.3200158336622
9447,64.06779073419239
9448,63.15026052119096
9449,63.38662326396229
9450,66.93356051103376
9451,63.009087418508976
9452,63.64637619814732
9453,66.27101593005824
9454,64.32534227433348
9455,63.334873959644085
9456,64.55974437215208
9457,65.3089771991234
9458,63.629639389101946
9459,64.64185300351838
9460,66.41635235101708
9461,65.40380239638073
9462,66.33462353532138
9463,61.673982994008995
9464,66.18123305378157
9465,62.214234289501135
9466,64.27802815813317
9467,61.77642887887503
9468,65.71482041605995
9469,65.34200614862533
9470,67.10153014584813
9471,63.00303931836727
9472,63.98296942067695
9473,64.7039266040431
9474,63.293623928903436
9475,65.11410939999072
9476,62.26334950467747
9477,66.04923477821391
9478,63.60835651423908
9479,64.51792065591941
9480,65.58851747491977
9481,66.55611697289952
9482,63.12470571784282
9483,60.35377794863414
9484,64.68415361800714
9485,69.18060637011547
9486,65.48015228331303
9487,69.15515331248139
9488,67.26300922432742
9489,64.52430329153198
9490,62.82098022260038
9491,63.52149570642068
9492,67.50082716630178
9493,60.904719211266524
9494,65.58939946414895
9495,62.170336275664276
9496,62.24005103624416
9497,62.527561202698635
9498,63.940784426536
9499,65.95933242522823
9500,64.77272560621961
9501,67.78849405392951
9502,66.14075440385304
9503,63.246695611552745
9504,63.1365433752165
9505,65.79128775945279
9506,61.31290347837309
9507,61.46336255629214
9508,65.12694468674965
9509,61.048617362292354
9510,65.04907927229252
9511,63.00253799148168
9512,64.49320128260489
9513,64.55480088115571
9514,62.02504414981092
9515,58.50366332710113
9516,59.57544563375292
9517,64.53820105837079
9518,61.655062635655135
9519,63.77301908023219
9520,63.916369048699615
9521,64.22567880436148
9522,64.78143343738093
9523,66.51564633242943
9524,65.2993421020089
9525,64.98682076639886
9526,60.75395883414363
9527,60.84298953746238
9528,62.874334823552374
9529,64.3958284016607
9530,62.81456672660141
9531,61.16868529620575
9532,63.28077148678507
9533,60.473785772226584
9534,62.99136339179462
9535,62.539025532233545
9536,59.420248257492474
9537,66.32967483867475
9538,60.787676734709684
9539,66.12663746783626
9540,66.04585753810358
9541,65.07563440823886
9542,63.77764939360486
9543,64.2620817419753
9544,62.654807156106486
9545,64.39457784637108
9546,67.30842928865438
9547,67.0087385185762
9548,66.2141948930577
9549,63.776951984765525
9550,63.894185570646655
9551,63.623997563227555
9552,62.51452160229867
9553,63.74412539167598
9554,62.807601568812366
9555,60.004753792723456
9556,62.5822994778688
9557,62.10650639687085
9558,63.3494734310578
9559,60.35629133985733
9560,62.3916327115285
9561,61.791928855612646
9562,64.14838285343859
9563,65.92510576083943
9564,65.41174852285415
9565,61.85001714936111
9566,63.66233559448296
9567,61.34001347952239
9568,62.21559874985015
9569,65.94069201125158
9570,65.40440013712902
9571,65.73371291386105
9572,61.21391220790301
9573,62.01715633603615
9574,61.74595510008188
9575,65.49721038026107
9576,64.51829986844552
9577,63.60092572760173
9578,64.95916122483949
9579,61.39547166503889
9580,61.71632411614773
9581,67.49513367660309
9582,64.89960674032356
9583,65.74110422356799
9584,65.64866074884078
9585,65.04319195486744
9586,66.32303025828614
9587,65.08374902478577
9588,65.54495678952465
9589,67.06850855620078
9590,64.27056559721964
9591,65.6112871829032
9592,66.13871896294516
9593,68.27790475841603
9594,67.66606667783068
9595,62.06185170569806
9596,63.866921357281264
9597,68.46731478630404
9598,69.0754849613747
9599,64.03914562842802
9600,65.87712600591995
9601,66.60769078948799
9602,67.15804791431661
9603,69.07889513048414
9604,67.50877504547394
9605,65.24164666751776
9606,65.07255450005783
9607,65.72982945288393
9608,63.679622410465036
9609,68.63959500505631
9610,66.13625298795452
9611,64.39038501984149
9612,67.8781102303914
9613,65.92505961299743
9614,64.98798173133544
9615,66.36265499207319
9616,63.69933939943711
9617,69.67515577255801
9618,64.94647085516047
9619,66.72218178014874
9620,68.87729666323553
9621,68.96041849971415
9622,65.62098507060732
9623,67.13325859501423
9624,67.03852696300544
9625,66.13564527612887
9626,64.75297290451643
9627,65.07896677129222
9628,66.38569819339031
9629,64.49993635399318
9630,63.78597600581538
9631,62.79715535052542
9632,65.23430466508124
9633,67.32001622766927
9634,65.25425311417027
9635,66.84761437390081
9636,69.85821420165136
9637,68.12168093142785
9638,66.71989705046296
9639,67.50341381337427
9640,63.618136589767076
9641,65.04371213367241
9642,66.06521494556107
9643,65.53553353937265
9644,63.86153998013797
9645,64.3103808630502
9646,67.05772356754984
9647,68.81653954237696
9648,64.60879807329792
9649,63.586075194399704
9650,65.69411601481366
9651,65.25468583907883
9652,65.66531498730717
9653,68.69345707826682
9654,65.84604557699241
9655,65.95387546917809
9656,63.130730954268905
9657,65.5175681850478
9658,66.19881380900722
9659,67.2808151598213
9660,65.5400953061175
9661,66.94992389046861
9662,66.29282806946172
9663,66.70351064922795
9664,65.70655054375611
9665,67.43952051853888
9666,66.16224296273064
9667,65.93488261269628
9668,65.38913952005338
9669,68.46335636982928
9670,63.34887719823896
9671,64.89754005216967
9672,65.13575476835341
9673,65.22195106994474
9674,64.94327500855098
9675,65.77487317396462
9676,64.10702203913944
9677,65.25359409223344
9678,64.47837655590793
9679,64.93838556100425
9680,66.60589802262061
9681,64.3836776018043
9682,63.865314664551214
9683,66.66410494908008
9684,63.8679744713835
9685,65.06051156428629
9686,64.11198578896321
9687,66.34422950953777
9688,67.47181508453795
9689,64.26157113502512
9690,66.35399771679533
9691,66.12189419624852
9692,72.41454840645757
9693,65.19932452416798
9694,65.54489959027457
9695,64.39727345738737
9696,66.4990767866865
9697,65.68102084467249
9698,65.27919430508732
9699,64.02624027491348
9700,66.57977316706153
9701,65.39104686556765
9702,62.22821844299769
9703,67.49379526969639
9704,65.01401149179003
9705,66.49683529597766
9706,66.91065988728188
9707,66.72370241920969
9708,69.5602731750894
9709,67.8661373496466
9710,72.46075411461656
9711,66.81491638495169
9712,67.97634742344171
9713,65.0788118403634
9714,63.455808508943065
9715,63.81290960338459
9716,66.7030764495686
9717,64.95289274674734
9718,64.32300070000227
9719,67.05742135800249
9720,65.00394727483065
9721,66.10161383819656
9722,64.35085077178854
9723,67.870010080957
9724,64.34266896872819
9725,66.23031098515236
9726,65.00267689330154
9727,66.23188280237484
9728,69.89070051787682
9729,68.09551540511609
9730,68.25825429648505
9731,65.37901517315436
9732,67.52929151671913
9733,62.564903495756965
9734,60.86227036853113
9735,64.59531363549577
9736,61.45918675725912
9737,68.8288247861217
9738,60.820608838672825
9739,62.06590222069983
9740,61.32964840683348
9741,62.328709702623954
9742,66.75812665079575
9743,62.86277017167574
9744,64.73718861701828
9745,63.29060846294234
9746,59.99798392649823
9747,64.96232686030748
9748,64.3776327946018
9749,65.43356412687534
9750,64.38435011827438
9751,64.13088456902473
9752,61.06119826176986
9753,61.1100422424917
9754,61.62452170159916
9755,61.571439751466826
9756,64.2751706000535
9757,62.94998977238157
9758,64.86146449302909
9759,59.988525403109904
9760,62.65556007529264
9761,61.67367365582197
9762,59.7261628035711
9763,64.10490188527328
9764,64.73910290881774
9765,60.69969243295373
9766,61.89764025347818
9767,64.88306187259488
9768,67.24475605093726
9769,64.08726357588307
9770,67.66201470559626
9771,65.90885663255379
9772,66.62032402630292
9773,61.62414196319141
9774,62.54725223205879
9775,66.36294647877733
9776,63.096015972994245
9777,63.240267380206966
9778,62.88551263831833
9779,59.41411000851975
9780,67.42746508970396
9781,59.25767538982665
9782,61.212117208328245
9783,59.177214059373064
9784,60.592344759795395
9785,62.18785978937497
9786,64.21178573411487
9787,62.45626696915988
9788,63.53866257569158
9789,65.78123772244959
9790,64.60243055670081
9791,65.6474727668543
9792,63.265901589618394
9793,65.01006611819922
9794,66.22292539856932
9795,64.18280570036768
9796,63.03129990605462
9797,60.84082194086809
9798,61.847792913969954
9799,61.46670581622227
9800,62.68732252837862
9801,62.7485858218495
9802,59.165999942391444
9803,60.988121922034416
9804,63.39937430105441
9805,60.98708766575315
9806,62.52793025540865
9807,65.75431828614526
9808,61.570532951691476
9809,61.61138961450253
9810,60.93850948919475
9811,66.12506130589354
9812,69.70635751578783
9813,66.76405258778067
9814,64.27574721425215
9815,66.1629320258265
9816,63.97130715480599
9817,62.456711958059564
9818,63.97939831476987
9819,63.25023483010274
9820,63.77944995310645
9821,63.84214625570971
9822,62.56720646624605
9823,65.53355366097014
9824,60.855017871873216
9825,64.10916528926109
9826,64.01712705707382
9827,66.34281593091015
9828,66.66988490832675
9829,64.6145688926318
9830,66.48815576385901
9831,64.06842017466239
9832,66.64418541964515
9833,65.61506861089133
9834,62.12067319589489
9835,65.03120919894718
9836,66.0704384754607
9837,66.02083379941588
9838,64.77665308568645
9839,62.806983056696446
9840,63.27059176301965
9841,63.293569534447165
9842,64.77360057929737
9843,67.69254512660699
9844,64.01814217114789
9845,61.315505259251076
9846,63.07155098043152
9847,67.29784059248202
9848,64.7734354976265
9849,66.51675741747145
9850,61.511895176109796
9851,63.53143215146164
9852,65.90717780293006
9853,61.77526687551592
9854,67.55152742633175
9855,63.666162069319775
9856,66.53164603544265
9857,65.45760281180166
9858,59.14450258178923
9859,62.70529236770596
9860,62.547583684266
9861,63.2905938345443
9862,61.78941295364222
9863,60.214336333158506
9864,59.71148725244314
9865,61.81970747405163
9866,64.01421708559377
9867,61.67005476063235
9868,56.08505767526556
9869,60.525511359712915
9870,63.16693881689512
9871,61.806398927208264
9872,62.10565501406719
9873,61.889204442830085
9874,60.92468286073841
9875,61.85143761947263
9876,62.58993394795535
9877,59.05576310388727
9878,59.675634362561304
9879,60.837795759479775
9880,65.86408474327882
9881,63.742439335530484
9882,63.34032396807652
9883,65.85839346434143
9884,65.27706884081726
9885,66.89267701624713
9886,62.774877929953206
9887,62.567947203499536
9888,64.02105643047308
9889,63.382406760941656
9890,63.55488370675918
9891,65.92995958610987
9892,63.13854494938255
9893,66.0966793027194
9894,65.61345496758852
9895,63.651318768589014
9896,63.43217937462871
9897,64.44257384945232
9898,64.27628085969599
9899,64.36267897386973
9900,65.72880061055163
9901,67.52557067651409
9902,62.850163154267314
9903,62.24572457263719
9904,67.66411398710572
9905,64.74549408101363
9906,64.8468768404792
9907,64.36625786991603
9908,64.3103565035005
9909,63.73960659209397
9910,66.19113782338226
9911,64.52721343267677
9912,67.14817227390432
9913,62.44138006278816
9914,63.136511700265366
9915,64.8391184352117
9916,62.72888434669282
9917,64.82271888454108
9918,64.23422354978891
9919,64.46548835182108
9920,64.41849693751772
9921,65.99745131424642
9922,68.37459643709263
9923,63.094827574746475
9924,65.04666965922995
9925,66.24238430194943
9926,61.83969806992614
9927,64.81894613792302
9928,65.65018347766589
9929,65.2213505933554
9930,65.4351156241818
9931,67.61940841473707
9932,67.28447791232114
9933,65.14042377117102
9934,68.54150707024951
9935,63.70111840993615
9936,64.67341888487924
9937,65.22769134510604
9938,64.86142518610195
9939,66.49224843511642
9940,65.88115128446601
9941,63.9014781515585
9942,65.45151128095002
9943,61.970632830039
9944,66.57277734552427
9945,63.959355069555386
9946,64.42943380139509
9947,63.77153811955555
9948,62.43992363406718
9949,64.01530848802403
9950,63.331585598250605
9951,67.62832588863499
9952,66.02275671177897
9953,62.59975428080963
9954,65.55906311110627
9955,64.12636684787093
9956,64.34930438233368
9957,64.83665754622442
9958,66.32323963303995
9959,66.79639519896838
9960,63.27299798650311
9961,62.85019940350544
9962,62.81371281241243
9963,60.93823702544071
9964,62.79582852309303
9965,63.628654100830936
9966,64.16839935315178
9967,61.219150236017704
9968,65.07504927594228
9969,65.31399045068885
9970,65.24761738919145
9971,61.194975238441074
9972,67.80214684728647
9973,67.02259737114487
9974,65.22409957872232
9975,65.6339564686962
9976,62.8747861594655
9977,65.97629551897946
9978,62.74680628377034
9979,65.8056045276171
9980,69.33361857042637
9981,65.99842250452228
9982,65.00181760243373
9983,63.47549653396804
9984,65.20200955029753
9985,63.69291464031144
9986,66.112859662341
9987,65.07084624787427
9988,64.6951260654043
9989,64.5365837538488
9990,64.01092317505044
9991,65.83259926977094
9992,65.97657437429189
9993,62.503740734776876
9994,63.89326342049665
9995,66.11153279840505
9996,66.95981289216674
9997,65.00048309414913
9998,64.35867160538214
9999,64.26700492820765
